ruta,id_vaca,ojo,metodo
C:\Users\usuario\OneDrive\unipoli\Union ganaderaa\Nueva carpeta\siggan-proyecto\iris-training\iris_recortados\Vaca13\20260316_111431(0)_hough.png,13,ojo1,hough
C:\Users\usuario\OneDrive\unipoli\Union ganaderaa\Nueva carpeta\siggan-proyecto\iris-training\iris_recortados\Vaca13\20260316_111431_hough.png,13,ojo1,hough
C:\Users\usuario\OneDrive\unipoli\Union ganaderaa\Nueva carpeta\siggan-proyecto\iris-training\iris_recortados\Vaca13\20260316_111432_hough.png,13,ojo1,hough
C:\Users\usuario\OneDrive\unipoli\Union ganaderaa\Nueva carpeta\siggan-proyecto\iris-training\iris_recortados\Vaca13\20260316_111433_hough.png,13,ojo1,hough
C:\Users\usuario\OneDrive\unipoli\Union ganaderaa\Nueva carpeta\siggan-proyecto\iris-training\iris_recortados\Vaca13\20260316_111434(0)_hough.png,13,ojo1,hough
C:\Users\usuario\OneDrive\unipoli\Union ganaderaa\Nueva carpeta\siggan-proyecto\iris-training\iris_recortados\Vaca13\20260316_111434_hough.png,13,ojo1,hough
C:\Users\usuario\OneDrive\unipoli\Union ganaderaa\Nueva carpeta\siggan-proyecto\iris-training\iris_recortados\Vaca13\20260316_111435(0)_hough.png,13,ojo1,hough
C:\Users\usuario\OneDrive\unipoli\Union ganaderaa\Nueva carpeta\siggan-proyecto\iris-training\iris_recortados\Vaca13\20260316_111435_hough.png,13,ojo1,hough
C:\Users\usuario\OneDrive\unipoli\Union ganaderaa\Nueva carpeta\siggan-proyecto\iris-training\iris_recortados\Vaca13\20260316_111413_hough.png,13,ojo2,hough
C:\Users\usuario\OneDrive\unipoli\Union ganaderaa\Nueva carpeta\siggan-proyecto\iris-training\iris_recortados\Vaca13\20260316_111416_hough.png,13,ojo2,hough
C:\Users\usuario\OneDrive\unipoli\Union ganaderaa\Nueva carpeta\siggan-proyecto\iris-training\iris_recortados\Vaca13\20260316_111417(0)_hough.png,13,ojo2,hough
C:\Users\usuario\OneDrive\unipoli\Union ganaderaa\Nueva carpeta\siggan-proyecto\iris-training\iris_recortados\Vaca13\20260316_111417_hough.png,13,ojo2,hough
C:\Users\usuario\OneDrive\unipoli\Union ganaderaa\Nueva carpeta\siggan-proyecto\iris-training\iris_recortados\Vaca13\20260316_111419(0)_hough.png,13,ojo2,hough
C:\Users\usuario\OneDrive\unipoli\Union ganaderaa\Nueva carpeta\siggan-proyecto\iris-training\iris_recortados\Vaca13\20260316_111419_hough.png,13,ojo2,hough
C:\Users\usuario\OneDrive\unipoli\Union ganaderaa\Nueva carpeta\siggan-proyecto\iris-training\iris_recortados\Vaca13\20260316_111420(0)_hough.png,13,ojo2,hough
C:\Users\usuario\OneDrive\unipoli\Union ganaderaa\Nueva carpeta\siggan-proyecto\iris-training\iris_recortados\Vaca13\20260316_111420_hough.png,13,ojo2,hough
C:\Users\usuario\OneDrive\unipoli\Union ganaderaa\Nueva carpeta\siggan-proyecto\iris-training\iris_recortados\Vaca14\20260316_111305_hough.png,14,ojo1,hough
C:\Users\usuario\OneDrive\unipoli\Union ganaderaa\Nueva carpeta\siggan-proyecto\iris-training\iris_recortados\Vaca14\20260316_111306_hough.png,14,ojo1,hough
C:\Users\usuario\OneDrive\unipoli\Union ganaderaa\Nueva carpeta\siggan-proyecto\iris-training\iris_recortados\Vaca14\20260316_111307(0)_hough.png,14,ojo1,hough
C:\Users\usuario\OneDrive\unipoli\Union ganaderaa\Nueva carpeta\siggan-proyecto\iris-training\iris_recortados\Vaca14\20260316_111307_hough.png,14,ojo1,hough
C:\Users\usuario\OneDrive\unipoli\Union ganaderaa\Nueva carpeta\siggan-proyecto\iris-training\iris_recortados\Vaca14\20260316_111308_hough.png,14,ojo1,hough
C:\Users\usuario\OneDrive\unipoli\Union ganaderaa\Nueva carpeta\siggan-proyecto\iris-training\iris_recortados\Vaca14\20260316_111310(0)_hough.png,14,ojo1,hough
C:\Users\usuario\OneDrive\unipoli\Union ganaderaa\Nueva carpeta\siggan-proyecto\iris-training\iris_recortados\Vaca14\20260316_111310_hough.png,14,ojo1,hough
C:\Users\usuario\OneDrive\unipoli\Union ganaderaa\Nueva carpeta\siggan-proyecto\iris-training\iris_recortados\Vaca14\20260316_111311(0)_hough.png,14,ojo1,hough
C:\Users\usuario\OneDrive\unipoli\Union ganaderaa\Nueva carpeta\siggan-proyecto\iris-training\iris_recortados\Vaca14\20260316_111311_hough.png,14,ojo1,hough
C:\Users\usuario\OneDrive\unipoli\Union ganaderaa\Nueva carpeta\siggan-proyecto\iris-training\iris_recortados\Vaca14\20260316_111313(0)_hough.png,14,ojo1,hough
C:\Users\usuario\OneDrive\unipoli\Union ganaderaa\Nueva carpeta\siggan-proyecto\iris-training\iris_recortados\Vaca14\20260316_111313_hough.png,14,ojo1,hough
C:\Users\usuario\OneDrive\unipoli\Union ganaderaa\Nueva carpeta\siggan-proyecto\iris-training\iris_recortados\Vaca14\20260316_111254(0)_hough.png,14,ojo2,hough
C:\Users\usuario\OneDrive\unipoli\Union ganaderaa\Nueva carpeta\siggan-proyecto\iris-training\iris_recortados\Vaca14\20260316_111254_hough.png,14,ojo2,hough
C:\Users\usuario\OneDrive\unipoli\Union ganaderaa\Nueva carpeta\siggan-proyecto\iris-training\iris_recortados\Vaca14\20260316_111255(0)_hough.png,14,ojo2,hough
C:\Users\usuario\OneDrive\unipoli\Union ganaderaa\Nueva carpeta\siggan-proyecto\iris-training\iris_recortados\Vaca14\20260316_111255_hough.png,14,ojo2,hough
C:\Users\usuario\OneDrive\unipoli\Union ganaderaa\Nueva carpeta\siggan-proyecto\iris-training\iris_recortados\Vaca14\20260316_111256_hough.png,14,ojo2,hough
C:\Users\usuario\OneDrive\unipoli\Union ganaderaa\Nueva carpeta\siggan-proyecto\iris-training\iris_recortados\Vaca14\20260316_111257(0)_hough.png,14,ojo2,hough
C:\Users\usuario\OneDrive\unipoli\Union ganaderaa\Nueva carpeta\siggan-proyecto\iris-training\iris_recortados\Vaca14\20260316_111257(1)_hough.png,14,ojo2,hough
C:\Users\usuario\OneDrive\unipoli\Union ganaderaa\Nueva carpeta\siggan-proyecto\iris-training\iris_recortados\Vaca14\20260316_111257_hough.png,14,ojo2,hough
C:\Users\usuario\OneDrive\unipoli\Union ganaderaa\Nueva carpeta\siggan-proyecto\iris-training\iris_recortados\Vaca14\20260316_111258(0)_hough.png,14,ojo2,hough
C:\Users\usuario\OneDrive\unipoli\Union ganaderaa\Nueva carpeta\siggan-proyecto\iris-training\iris_recortados\Vaca14\20260316_111258_hough.png,14,ojo2,hough
C:\Users\usuario\OneDrive\unipoli\Union ganaderaa\Nueva carpeta\siggan-proyecto\iris-training\iris_recortados\Vaca14\20260316_111259_hough.png,14,ojo2,hough
C:\Users\usuario\OneDrive\unipoli\Union ganaderaa\Nueva carpeta\siggan-proyecto\iris-training\iris_recortados\Vaca15\20260316_111143(0)_hough.png,15,ojo1,hough
C:\Users\usuario\OneDrive\unipoli\Union ganaderaa\Nueva carpeta\siggan-proyecto\iris-training\iris_recortados\Vaca15\20260316_111143(1)_hough.png,15,ojo1,hough
C:\Users\usuario\OneDrive\unipoli\Union ganaderaa\Nueva carpeta\siggan-proyecto\iris-training\iris_recortados\Vaca15\20260316_111143_hough.png,15,ojo1,hough
C:\Users\usuario\OneDrive\unipoli\Union ganaderaa\Nueva carpeta\siggan-proyecto\iris-training\iris_recortados\Vaca15\20260316_111144_hough.png,15,ojo1,hough
C:\Users\usuario\OneDrive\unipoli\Union ganaderaa\Nueva carpeta\siggan-proyecto\iris-training\iris_recortados\Vaca15\20260316_111145_hough.png,15,ojo1,hough
C:\Users\usuario\OneDrive\unipoli\Union ganaderaa\Nueva carpeta\siggan-proyecto\iris-training\iris_recortados\Vaca15\20260316_111148(0)_hough.png,15,ojo1,hough
C:\Users\usuario\OneDrive\unipoli\Union ganaderaa\Nueva carpeta\siggan-proyecto\iris-training\iris_recortados\Vaca15\20260316_111148_hough.png,15,ojo1,hough
C:\Users\usuario\OneDrive\unipoli\Union ganaderaa\Nueva carpeta\siggan-proyecto\iris-training\iris_recortados\Vaca15\20260316_111153_hough.png,15,ojo1,hough
C:\Users\usuario\OneDrive\unipoli\Union ganaderaa\Nueva carpeta\siggan-proyecto\iris-training\iris_recortados\Vaca15\20260316_111155(0)_hough.png,15,ojo1,hough
C:\Users\usuario\OneDrive\unipoli\Union ganaderaa\Nueva carpeta\siggan-proyecto\iris-training\iris_recortados\Vaca15\20260316_111155_hough.png,15,ojo1,hough
C:\Users\usuario\OneDrive\unipoli\Union ganaderaa\Nueva carpeta\siggan-proyecto\iris-training\iris_recortados\Vaca15\20260316_111201_hough.png,15,ojo1,hough
C:\Users\usuario\OneDrive\unipoli\Union ganaderaa\Nueva carpeta\siggan-proyecto\iris-training\iris_recortados\Vaca15\20260316_111202_hough.png,15,ojo1,hough
C:\Users\usuario\OneDrive\unipoli\Union ganaderaa\Nueva carpeta\siggan-proyecto\iris-training\iris_recortados\Vaca15\20260316_111203_hough.png,15,ojo1,hough
C:\Users\usuario\OneDrive\unipoli\Union ganaderaa\Nueva carpeta\siggan-proyecto\iris-training\iris_recortados\Vaca15\20260316_111206_hough.png,15,ojo1,hough
C:\Users\usuario\OneDrive\unipoli\Union ganaderaa\Nueva carpeta\siggan-proyecto\iris-training\iris_recortados\Vaca15\20260316_111207_central.png,15,ojo1,central
C:\Users\usuario\OneDrive\unipoli\Union ganaderaa\Nueva carpeta\siggan-proyecto\iris-training\iris_recortados\Vaca15\20260316_111109_hough.png,15,ojo2,hough
C:\Users\usuario\OneDrive\unipoli\Union ganaderaa\Nueva carpeta\siggan-proyecto\iris-training\iris_recortados\Vaca15\20260316_111110_hough.png,15,ojo2,hough
C:\Users\usuario\OneDrive\unipoli\Union ganaderaa\Nueva carpeta\siggan-proyecto\iris-training\iris_recortados\Vaca15\20260316_111111_hough.png,15,ojo2,hough
C:\Users\usuario\OneDrive\unipoli\Union ganaderaa\Nueva carpeta\siggan-proyecto\iris-training\iris_recortados\Vaca15\20260316_111113_hough.png,15,ojo2,hough
C:\Users\usuario\OneDrive\unipoli\Union ganaderaa\Nueva carpeta\siggan-proyecto\iris-training\iris_recortados\Vaca15\20260316_111120_hough.png,15,ojo2,hough
C:\Users\usuario\OneDrive\unipoli\Union ganaderaa\Nueva carpeta\siggan-proyecto\iris-training\iris_recortados\Vaca15\20260316_111130_hough.png,15,ojo2,hough
C:\Users\usuario\OneDrive\unipoli\Union ganaderaa\Nueva carpeta\siggan-proyecto\iris-training\iris_recortados\Vaca15\20260316_111132_hough.png,15,ojo2,hough
C:\Users\usuario\OneDrive\unipoli\Union ganaderaa\Nueva carpeta\siggan-proyecto\iris-training\iris_recortados\Vaca15\20260316_111133_hough.png,15,ojo2,hough
C:\Users\usuario\OneDrive\unipoli\Union ganaderaa\Nueva carpeta\siggan-proyecto\iris-training\iris_recortados\Vaca15\20260316_111134_hough.png,15,ojo2,hough
C:\Users\usuario\OneDrive\unipoli\Union ganaderaa\Nueva carpeta\siggan-proyecto\iris-training\iris_recortados\Vaca15\20260316_111138_hough.png,15,ojo2,hough
C:\Users\usuario\OneDrive\unipoli\Union ganaderaa\Nueva carpeta\siggan-proyecto\iris-training\iris_recortados\Vaca16\20260316_110844_hough.png,16,ojo1,hough
C:\Users\usuario\OneDrive\unipoli\Union ganaderaa\Nueva carpeta\siggan-proyecto\iris-training\iris_recortados\Vaca16\20260316_110845(0)_hough.png,16,ojo1,hough
C:\Users\usuario\OneDrive\unipoli\Union ganaderaa\Nueva carpeta\siggan-proyecto\iris-training\iris_recortados\Vaca16\20260316_110845_hough.png,16,ojo1,hough
C:\Users\usuario\OneDrive\unipoli\Union ganaderaa\Nueva carpeta\siggan-proyecto\iris-training\iris_recortados\Vaca16\20260316_110847(0)_hough.png,16,ojo1,hough
C:\Users\usuario\OneDrive\unipoli\Union ganaderaa\Nueva carpeta\siggan-proyecto\iris-training\iris_recortados\Vaca16\20260316_110847(1)_hough.png,16,ojo1,hough
C:\Users\usuario\OneDrive\unipoli\Union ganaderaa\Nueva carpeta\siggan-proyecto\iris-training\iris_recortados\Vaca16\20260316_110847_hough.png,16,ojo1,hough
C:\Users\usuario\OneDrive\unipoli\Union ganaderaa\Nueva carpeta\siggan-proyecto\iris-training\iris_recortados\Vaca16\20260316_110849(0)_hough.png,16,ojo1,hough
C:\Users\usuario\OneDrive\unipoli\Union ganaderaa\Nueva carpeta\siggan-proyecto\iris-training\iris_recortados\Vaca16\20260316_110849_hough.png,16,ojo1,hough
C:\Users\usuario\OneDrive\unipoli\Union ganaderaa\Nueva carpeta\siggan-proyecto\iris-training\iris_recortados\Vaca16\20260316_110850(0)_hough.png,16,ojo1,hough
C:\Users\usuario\OneDrive\unipoli\Union ganaderaa\Nueva carpeta\siggan-proyecto\iris-training\iris_recortados\Vaca16\20260316_110850_hough.png,16,ojo1,hough
C:\Users\usuario\OneDrive\unipoli\Union ganaderaa\Nueva carpeta\siggan-proyecto\iris-training\iris_recortados\Vaca16\20260316_110851(0)_hough.png,16,ojo1,hough
C:\Users\usuario\OneDrive\unipoli\Union ganaderaa\Nueva carpeta\siggan-proyecto\iris-training\iris_recortados\Vaca16\20260316_110851(1)_hough.png,16,ojo1,hough
C:\Users\usuario\OneDrive\unipoli\Union ganaderaa\Nueva carpeta\siggan-proyecto\iris-training\iris_recortados\Vaca16\20260316_110851_hough.png,16,ojo1,hough
C:\Users\usuario\OneDrive\unipoli\Union ganaderaa\Nueva carpeta\siggan-proyecto\iris-training\iris_recortados\Vaca16\20260316_110822_hough.png,16,ojo2,hough
C:\Users\usuario\OneDrive\unipoli\Union ganaderaa\Nueva carpeta\siggan-proyecto\iris-training\iris_recortados\Vaca16\20260316_110833(0)_hough.png,16,ojo2,hough
C:\Users\usuario\OneDrive\unipoli\Union ganaderaa\Nueva carpeta\siggan-proyecto\iris-training\iris_recortados\Vaca16\20260316_110833_hough.png,16,ojo2,hough
C:\Users\usuario\OneDrive\unipoli\Union ganaderaa\Nueva carpeta\siggan-proyecto\iris-training\iris_recortados\Vaca16\20260316_110834_hough.png,16,ojo2,hough
C:\Users\usuario\OneDrive\unipoli\Union ganaderaa\Nueva carpeta\siggan-proyecto\iris-training\iris_recortados\Vaca16\20260316_110835_hough.png,16,ojo2,hough
C:\Users\usuario\OneDrive\unipoli\Union ganaderaa\Nueva carpeta\siggan-proyecto\iris-training\iris_recortados\Vaca17\20260316_110651(0)_hough.png,17,ojo1,hough
C:\Users\usuario\OneDrive\unipoli\Union ganaderaa\Nueva carpeta\siggan-proyecto\iris-training\iris_recortados\Vaca17\20260316_110651_hough.png,17,ojo1,hough
C:\Users\usuario\OneDrive\unipoli\Union ganaderaa\Nueva carpeta\siggan-proyecto\iris-training\iris_recortados\Vaca17\20260316_110652(0)_hough.png,17,ojo1,hough
C:\Users\usuario\OneDrive\unipoli\Union ganaderaa\Nueva carpeta\siggan-proyecto\iris-training\iris_recortados\Vaca17\20260316_110652(1)_hough.png,17,ojo1,hough
C:\Users\usuario\OneDrive\unipoli\Union ganaderaa\Nueva carpeta\siggan-proyecto\iris-training\iris_recortados\Vaca17\20260316_110652_hough.png,17,ojo1,hough
C:\Users\usuario\OneDrive\unipoli\Union ganaderaa\Nueva carpeta\siggan-proyecto\iris-training\iris_recortados\Vaca17\20260316_110653(0)_hough.png,17,ojo1,hough
C:\Users\usuario\OneDrive\unipoli\Union ganaderaa\Nueva carpeta\siggan-proyecto\iris-training\iris_recortados\Vaca17\20260316_110653_hough.png,17,ojo1,hough
C:\Users\usuario\OneDrive\unipoli\Union ganaderaa\Nueva carpeta\siggan-proyecto\iris-training\iris_recortados\Vaca17\20260316_110655(0)_hough.png,17,ojo1,hough
C:\Users\usuario\OneDrive\unipoli\Union ganaderaa\Nueva carpeta\siggan-proyecto\iris-training\iris_recortados\Vaca17\20260316_110655_hough.png,17,ojo1,hough
C:\Users\usuario\OneDrive\unipoli\Union ganaderaa\Nueva carpeta\siggan-proyecto\iris-training\iris_recortados\Vaca17\20260316_110625_hough.png,17,ojo2,hough
C:\Users\usuario\OneDrive\unipoli\Union ganaderaa\Nueva carpeta\siggan-proyecto\iris-training\iris_recortados\Vaca17\20260316_110641(0)_hough.png,17,ojo2,hough
C:\Users\usuario\OneDrive\unipoli\Union ganaderaa\Nueva carpeta\siggan-proyecto\iris-training\iris_recortados\Vaca17\20260316_110642_hough.png,17,ojo2,hough
C:\Users\usuario\OneDrive\unipoli\Union ganaderaa\Nueva carpeta\siggan-proyecto\iris-training\iris_recortados\Vaca17\20260316_110643(0)_hough.png,17,ojo2,hough
C:\Users\usuario\OneDrive\unipoli\Union ganaderaa\Nueva carpeta\siggan-proyecto\iris-training\iris_recortados\Vaca17\20260316_110643(1)_hough.png,17,ojo2,hough
C:\Users\usuario\OneDrive\unipoli\Union ganaderaa\Nueva carpeta\siggan-proyecto\iris-training\iris_recortados\Vaca17\20260316_110643_hough.png,17,ojo2,hough
C:\Users\usuario\OneDrive\unipoli\Union ganaderaa\Nueva carpeta\siggan-proyecto\iris-training\iris_recortados\Vaca17\20260316_110644(0)_hough.png,17,ojo2,hough
C:\Users\usuario\OneDrive\unipoli\Union ganaderaa\Nueva carpeta\siggan-proyecto\iris-training\iris_recortados\Vaca17\20260316_110644(1)_hough.png,17,ojo2,hough
C:\Users\usuario\OneDrive\unipoli\Union ganaderaa\Nueva carpeta\siggan-proyecto\iris-training\iris_recortados\Vaca17\20260316_110644(2)_hough.png,17,ojo2,hough
C:\Users\usuario\OneDrive\unipoli\Union ganaderaa\Nueva carpeta\siggan-proyecto\iris-training\iris_recortados\Vaca17\20260316_110644(3)_hough.png,17,ojo2,hough
C:\Users\usuario\OneDrive\unipoli\Union ganaderaa\Nueva carpeta\siggan-proyecto\iris-training\iris_recortados\Vaca17\20260316_110644(4)_hough.png,17,ojo2,hough
C:\Users\usuario\OneDrive\unipoli\Union ganaderaa\Nueva carpeta\siggan-proyecto\iris-training\iris_recortados\Vaca17\20260316_110644(5)_hough.png,17,ojo2,hough
C:\Users\usuario\OneDrive\unipoli\Union ganaderaa\Nueva carpeta\siggan-proyecto\iris-training\iris_recortados\Vaca17\20260316_110644_hough.png,17,ojo2,hough
C:\Users\usuario\OneDrive\unipoli\Union ganaderaa\Nueva carpeta\siggan-proyecto\iris-training\iris_recortados\Vaca18\20260316_110505(0)_hough.png,18,ojo1,hough
C:\Users\usuario\OneDrive\unipoli\Union ganaderaa\Nueva carpeta\siggan-proyecto\iris-training\iris_recortados\Vaca18\20260316_110505_hough.png,18,ojo1,hough
C:\Users\usuario\OneDrive\unipoli\Union ganaderaa\Nueva carpeta\siggan-proyecto\iris-training\iris_recortados\Vaca18\20260316_110508_hough.png,18,ojo1,hough
C:\Users\usuario\OneDrive\unipoli\Union ganaderaa\Nueva carpeta\siggan-proyecto\iris-training\iris_recortados\Vaca18\20260316_110509_hough.png,18,ojo1,hough
C:\Users\usuario\OneDrive\unipoli\Union ganaderaa\Nueva carpeta\siggan-proyecto\iris-training\iris_recortados\Vaca18\20260316_110510_hough.png,18,ojo1,hough
C:\Users\usuario\OneDrive\unipoli\Union ganaderaa\Nueva carpeta\siggan-proyecto\iris-training\iris_recortados\Vaca18\20260316_110511_hough.png,18,ojo1,hough
C:\Users\usuario\OneDrive\unipoli\Union ganaderaa\Nueva carpeta\siggan-proyecto\iris-training\iris_recortados\Vaca18\20260316_110517(0)_hough.png,18,ojo1,hough
C:\Users\usuario\OneDrive\unipoli\Union ganaderaa\Nueva carpeta\siggan-proyecto\iris-training\iris_recortados\Vaca18\20260316_110517_hough.png,18,ojo1,hough
C:\Users\usuario\OneDrive\unipoli\Union ganaderaa\Nueva carpeta\siggan-proyecto\iris-training\iris_recortados\Vaca18\20260316_110521(0)_hough.png,18,ojo1,hough
C:\Users\usuario\OneDrive\unipoli\Union ganaderaa\Nueva carpeta\siggan-proyecto\iris-training\iris_recortados\Vaca18\20260316_110521_hough.png,18,ojo1,hough
C:\Users\usuario\OneDrive\unipoli\Union ganaderaa\Nueva carpeta\siggan-proyecto\iris-training\iris_recortados\Vaca18\20260316_110522_hough.png,18,ojo1,hough
C:\Users\usuario\OneDrive\unipoli\Union ganaderaa\Nueva carpeta\siggan-proyecto\iris-training\iris_recortados\Vaca18\20260316_110523_hough.png,18,ojo1,hough
C:\Users\usuario\OneDrive\unipoli\Union ganaderaa\Nueva carpeta\siggan-proyecto\iris-training\iris_recortados\Vaca18\20260316_110524(0)_hough.png,18,ojo1,hough
C:\Users\usuario\OneDrive\unipoli\Union ganaderaa\Nueva carpeta\siggan-proyecto\iris-training\iris_recortados\Vaca18\20260316_110524_hough.png,18,ojo1,hough
C:\Users\usuario\OneDrive\unipoli\Union ganaderaa\Nueva carpeta\siggan-proyecto\iris-training\iris_recortados\Vaca18\20260316_110525_hough.png,18,ojo1,hough
C:\Users\usuario\OneDrive\unipoli\Union ganaderaa\Nueva carpeta\siggan-proyecto\iris-training\iris_recortados\Vaca18\20260316_110447_hough.png,18,ojo2,hough
C:\Users\usuario\OneDrive\unipoli\Union ganaderaa\Nueva carpeta\siggan-proyecto\iris-training\iris_recortados\Vaca18\20260316_110450_hough.png,18,ojo2,hough
C:\Users\usuario\OneDrive\unipoli\Union ganaderaa\Nueva carpeta\siggan-proyecto\iris-training\iris_recortados\Vaca18\20260316_110451_hough.png,18,ojo2,hough
C:\Users\usuario\OneDrive\unipoli\Union ganaderaa\Nueva carpeta\siggan-proyecto\iris-training\iris_recortados\Vaca18\20260316_110452(0)_hough.png,18,ojo2,hough
C:\Users\usuario\OneDrive\unipoli\Union ganaderaa\Nueva carpeta\siggan-proyecto\iris-training\iris_recortados\Vaca18\20260316_110452_hough.png,18,ojo2,hough
C:\Users\usuario\OneDrive\unipoli\Union ganaderaa\Nueva carpeta\siggan-proyecto\iris-training\iris_recortados\Vaca18\20260316_110455(0)_hough.png,18,ojo2,hough
C:\Users\usuario\OneDrive\unipoli\Union ganaderaa\Nueva carpeta\siggan-proyecto\iris-training\iris_recortados\Vaca18\20260316_110455_hough.png,18,ojo2,hough
C:\Users\usuario\OneDrive\unipoli\Union ganaderaa\Nueva carpeta\siggan-proyecto\iris-training\iris_recortados\Vaca18\20260316_110456_hough.png,18,ojo2,hough
C:\Users\usuario\OneDrive\unipoli\Union ganaderaa\Nueva carpeta\siggan-proyecto\iris-training\iris_recortados\Vaca19\20260316_110304(0)_hough.png,19,ojo1,hough
C:\Users\usuario\OneDrive\unipoli\Union ganaderaa\Nueva carpeta\siggan-proyecto\iris-training\iris_recortados\Vaca19\20260316_110304(1)_hough.png,19,ojo1,hough
C:\Users\usuario\OneDrive\unipoli\Union ganaderaa\Nueva carpeta\siggan-proyecto\iris-training\iris_recortados\Vaca19\20260316_110305(0)_hough.png,19,ojo1,hough
C:\Users\usuario\OneDrive\unipoli\Union ganaderaa\Nueva carpeta\siggan-proyecto\iris-training\iris_recortados\Vaca19\20260316_110305_hough.png,19,ojo1,hough
C:\Users\usuario\OneDrive\unipoli\Union ganaderaa\Nueva carpeta\siggan-proyecto\iris-training\iris_recortados\Vaca19\20260316_110306_hough.png,19,ojo1,hough
C:\Users\usuario\OneDrive\unipoli\Union ganaderaa\Nueva carpeta\siggan-proyecto\iris-training\iris_recortados\Vaca19\20260316_110307(0)_hough.png,19,ojo1,hough
C:\Users\usuario\OneDrive\unipoli\Union ganaderaa\Nueva carpeta\siggan-proyecto\iris-training\iris_recortados\Vaca19\20260316_110307(1)_hough.png,19,ojo1,hough
C:\Users\usuario\OneDrive\unipoli\Union ganaderaa\Nueva carpeta\siggan-proyecto\iris-training\iris_recortados\Vaca19\20260316_110307_hough.png,19,ojo1,hough
C:\Users\usuario\OneDrive\unipoli\Union ganaderaa\Nueva carpeta\siggan-proyecto\iris-training\iris_recortados\Vaca19\20260316_110308(0)_hough.png,19,ojo1,hough
C:\Users\usuario\OneDrive\unipoli\Union ganaderaa\Nueva carpeta\siggan-proyecto\iris-training\iris_recortados\Vaca19\20260316_110308(1)_hough.png,19,ojo1,hough
C:\Users\usuario\OneDrive\unipoli\Union ganaderaa\Nueva carpeta\siggan-proyecto\iris-training\iris_recortados\Vaca19\20260316_110308_hough.png,19,ojo1,hough
C:\Users\usuario\OneDrive\unipoli\Union ganaderaa\Nueva carpeta\siggan-proyecto\iris-training\iris_recortados\Vaca19\20260316_110236_hough.png,19,ojo2,hough
C:\Users\usuario\OneDrive\unipoli\Union ganaderaa\Nueva carpeta\siggan-proyecto\iris-training\iris_recortados\Vaca19\20260316_110253(0)_hough.png,19,ojo2,hough
C:\Users\usuario\OneDrive\unipoli\Union ganaderaa\Nueva carpeta\siggan-proyecto\iris-training\iris_recortados\Vaca19\20260316_110253_hough.png,19,ojo2,hough
C:\Users\usuario\OneDrive\unipoli\Union ganaderaa\Nueva carpeta\siggan-proyecto\iris-training\iris_recortados\Vaca19\20260316_110254_hough.png,19,ojo2,hough
C:\Users\usuario\OneDrive\unipoli\Union ganaderaa\Nueva carpeta\siggan-proyecto\iris-training\iris_recortados\Vaca19\20260316_110255(0)_hough.png,19,ojo2,hough
C:\Users\usuario\OneDrive\unipoli\Union ganaderaa\Nueva carpeta\siggan-proyecto\iris-training\iris_recortados\Vaca19\20260316_110255_hough.png,19,ojo2,hough
C:\Users\usuario\OneDrive\unipoli\Union ganaderaa\Nueva carpeta\siggan-proyecto\iris-training\iris_recortados\Vaca19\20260316_110256(0)_hough.png,19,ojo2,hough
C:\Users\usuario\OneDrive\unipoli\Union ganaderaa\Nueva carpeta\siggan-proyecto\iris-training\iris_recortados\Vaca19\20260316_110256(1)_hough.png,19,ojo2,hough
C:\Users\usuario\OneDrive\unipoli\Union ganaderaa\Nueva carpeta\siggan-proyecto\iris-training\iris_recortados\Vaca19\20260316_110256_hough.png,19,ojo2,hough
C:\Users\usuario\OneDrive\unipoli\Union ganaderaa\Nueva carpeta\siggan-proyecto\iris-training\iris_recortados\Vaca19\20260316_110257(0)_hough.png,19,ojo2,hough
C:\Users\usuario\OneDrive\unipoli\Union ganaderaa\Nueva carpeta\siggan-proyecto\iris-training\iris_recortados\Vaca19\20260316_110257(1)_hough.png,19,ojo2,hough
C:\Users\usuario\OneDrive\unipoli\Union ganaderaa\Nueva carpeta\siggan-proyecto\iris-training\iris_recortados\Vaca19\20260316_110257_hough.png,19,ojo2,hough
C:\Users\usuario\OneDrive\unipoli\Union ganaderaa\Nueva carpeta\siggan-proyecto\iris-training\iris_recortados\Vaca19\20260316_110258(0)_hough.png,19,ojo2,hough
C:\Users\usuario\OneDrive\unipoli\Union ganaderaa\Nueva carpeta\siggan-proyecto\iris-training\iris_recortados\Vaca19\20260316_110258(1)_hough.png,19,ojo2,hough
C:\Users\usuario\OneDrive\unipoli\Union ganaderaa\Nueva carpeta\siggan-proyecto\iris-training\iris_recortados\Vaca19\20260316_110259(0)_hough.png,19,ojo2,hough
C:\Users\usuario\OneDrive\unipoli\Union ganaderaa\Nueva carpeta\siggan-proyecto\iris-training\iris_recortados\Vaca19\20260316_110259(1)_hough.png,19,ojo2,hough
C:\Users\usuario\OneDrive\unipoli\Union ganaderaa\Nueva carpeta\siggan-proyecto\iris-training\iris_recortados\Vaca19\20260316_110259(2)_hough.png,19,ojo2,hough
C:\Users\usuario\OneDrive\unipoli\Union ganaderaa\Nueva carpeta\siggan-proyecto\iris-training\iris_recortados\Vaca19\20260316_110259_hough.png,19,ojo2,hough
C:\Users\usuario\OneDrive\unipoli\Union ganaderaa\Nueva carpeta\siggan-proyecto\iris-training\iris_recortados\Vaca20\20260316_105941(0)_hough.png,20,ojo1,hough
C:\Users\usuario\OneDrive\unipoli\Union ganaderaa\Nueva carpeta\siggan-proyecto\iris-training\iris_recortados\Vaca20\20260316_105941_hough.png,20,ojo1,hough
C:\Users\usuario\OneDrive\unipoli\Union ganaderaa\Nueva carpeta\siggan-proyecto\iris-training\iris_recortados\Vaca20\20260316_105942_hough.png,20,ojo1,hough
C:\Users\usuario\OneDrive\unipoli\Union ganaderaa\Nueva carpeta\siggan-proyecto\iris-training\iris_recortados\Vaca20\20260316_105943_hough.png,20,ojo1,hough
C:\Users\usuario\OneDrive\unipoli\Union ganaderaa\Nueva carpeta\siggan-proyecto\iris-training\iris_recortados\Vaca20\20260316_105944_hough.png,20,ojo1,hough
C:\Users\usuario\OneDrive\unipoli\Union ganaderaa\Nueva carpeta\siggan-proyecto\iris-training\iris_recortados\Vaca20\20260316_105945_hough.png,20,ojo1,hough
C:\Users\usuario\OneDrive\unipoli\Union ganaderaa\Nueva carpeta\siggan-proyecto\iris-training\iris_recortados\Vaca20\20260316_105946(0)_hough.png,20,ojo1,hough
C:\Users\usuario\OneDrive\unipoli\Union ganaderaa\Nueva carpeta\siggan-proyecto\iris-training\iris_recortados\Vaca20\20260316_105946_hough.png,20,ojo1,hough
C:\Users\usuario\OneDrive\unipoli\Union ganaderaa\Nueva carpeta\siggan-proyecto\iris-training\iris_recortados\Vaca20\20260316_105947_hough.png,20,ojo1,hough
C:\Users\usuario\OneDrive\unipoli\Union ganaderaa\Nueva carpeta\siggan-proyecto\iris-training\iris_recortados\Vaca20\20260316_105955_hough.png,20,ojo1,hough
C:\Users\usuario\OneDrive\unipoli\Union ganaderaa\Nueva carpeta\siggan-proyecto\iris-training\iris_recortados\Vaca20\20260316_105957(0)_central.png,20,ojo1,central
C:\Users\usuario\OneDrive\unipoli\Union ganaderaa\Nueva carpeta\siggan-proyecto\iris-training\iris_recortados\Vaca20\20260316_105957_hough.png,20,ojo1,hough
C:\Users\usuario\OneDrive\unipoli\Union ganaderaa\Nueva carpeta\siggan-proyecto\iris-training\iris_recortados\Vaca20\20260316_105959_hough.png,20,ojo1,hough
C:\Users\usuario\OneDrive\unipoli\Union ganaderaa\Nueva carpeta\siggan-proyecto\iris-training\iris_recortados\Vaca20\20260316_110009_hough.png,20,ojo1,hough
C:\Users\usuario\OneDrive\unipoli\Union ganaderaa\Nueva carpeta\siggan-proyecto\iris-training\iris_recortados\Vaca20\20260316_110010(0)_hough.png,20,ojo1,hough
C:\Users\usuario\OneDrive\unipoli\Union ganaderaa\Nueva carpeta\siggan-proyecto\iris-training\iris_recortados\Vaca20\20260316_110010_hough.png,20,ojo1,hough
C:\Users\usuario\OneDrive\unipoli\Union ganaderaa\Nueva carpeta\siggan-proyecto\iris-training\iris_recortados\Vaca20\20260316_105913_hough.png,20,ojo2,hough
C:\Users\usuario\OneDrive\unipoli\Union ganaderaa\Nueva carpeta\siggan-proyecto\iris-training\iris_recortados\Vaca20\20260316_105917_hough.png,20,ojo2,hough
C:\Users\usuario\OneDrive\unipoli\Union ganaderaa\Nueva carpeta\siggan-proyecto\iris-training\iris_recortados\Vaca20\20260316_105918(0)_hough.png,20,ojo2,hough
C:\Users\usuario\OneDrive\unipoli\Union ganaderaa\Nueva carpeta\siggan-proyecto\iris-training\iris_recortados\Vaca20\20260316_105918_hough.png,20,ojo2,hough
C:\Users\usuario\OneDrive\unipoli\Union ganaderaa\Nueva carpeta\siggan-proyecto\iris-training\iris_recortados\Vaca20\20260316_105920_hough.png,20,ojo2,hough
C:\Users\usuario\OneDrive\unipoli\Union ganaderaa\Nueva carpeta\siggan-proyecto\iris-training\iris_recortados\Vaca20\20260316_105921(0)_hough.png,20,ojo2,hough
C:\Users\usuario\OneDrive\unipoli\Union ganaderaa\Nueva carpeta\siggan-proyecto\iris-training\iris_recortados\Vaca20\20260316_105921_hough.png,20,ojo2,hough
C:\Users\usuario\OneDrive\unipoli\Union ganaderaa\Nueva carpeta\siggan-proyecto\iris-training\iris_recortados\Vaca20\20260316_105924(0)_hough.png,20,ojo2,hough
C:\Users\usuario\OneDrive\unipoli\Union ganaderaa\Nueva carpeta\siggan-proyecto\iris-training\iris_recortados\Vaca20\20260316_105924_hough.png,20,ojo2,hough
C:\Users\usuario\OneDrive\unipoli\Union ganaderaa\Nueva carpeta\siggan-proyecto\iris-training\iris_recortados\Vaca20\20260316_105927_hough.png,20,ojo2,hough
C:\Users\usuario\OneDrive\unipoli\Union ganaderaa\Nueva carpeta\siggan-proyecto\iris-training\iris_recortados\Vaca20\20260316_105930(0)_hough.png,20,ojo2,hough
C:\Users\usuario\OneDrive\unipoli\Union ganaderaa\Nueva carpeta\siggan-proyecto\iris-training\iris_recortados\Vaca20\20260316_105930_hough.png,20,ojo2,hough
C:\Users\usuario\OneDrive\unipoli\Union ganaderaa\Nueva carpeta\siggan-proyecto\iris-training\iris_recortados\Vaca21\20260316_104644_hough.png,21,ojo1,hough
C:\Users\usuario\OneDrive\unipoli\Union ganaderaa\Nueva carpeta\siggan-proyecto\iris-training\iris_recortados\Vaca21\20260316_104645(0)_hough.png,21,ojo1,hough
C:\Users\usuario\OneDrive\unipoli\Union ganaderaa\Nueva carpeta\siggan-proyecto\iris-training\iris_recortados\Vaca21\20260316_104645_hough.png,21,ojo1,hough
C:\Users\usuario\OneDrive\unipoli\Union ganaderaa\Nueva carpeta\siggan-proyecto\iris-training\iris_recortados\Vaca21\20260316_104646_hough.png,21,ojo1,hough
C:\Users\usuario\OneDrive\unipoli\Union ganaderaa\Nueva carpeta\siggan-proyecto\iris-training\iris_recortados\Vaca21\20260316_104648_hough.png,21,ojo1,hough
C:\Users\usuario\OneDrive\unipoli\Union ganaderaa\Nueva carpeta\siggan-proyecto\iris-training\iris_recortados\Vaca21\20260316_104650(0)_hough.png,21,ojo1,hough
C:\Users\usuario\OneDrive\unipoli\Union ganaderaa\Nueva carpeta\siggan-proyecto\iris-training\iris_recortados\Vaca21\20260316_104650_hough.png,21,ojo1,hough
C:\Users\usuario\OneDrive\unipoli\Union ganaderaa\Nueva carpeta\siggan-proyecto\iris-training\iris_recortados\Vaca21\20260316_104651_hough.png,21,ojo1,hough
C:\Users\usuario\OneDrive\unipoli\Union ganaderaa\Nueva carpeta\siggan-proyecto\iris-training\iris_recortados\Vaca21\20260316_104652_hough.png,21,ojo1,hough
C:\Users\usuario\OneDrive\unipoli\Union ganaderaa\Nueva carpeta\siggan-proyecto\iris-training\iris_recortados\Vaca21\20260316_104653_hough.png,21,ojo1,hough
C:\Users\usuario\OneDrive\unipoli\Union ganaderaa\Nueva carpeta\siggan-proyecto\iris-training\iris_recortados\Vaca21\20260316_104654(0)_hough.png,21,ojo1,hough
C:\Users\usuario\OneDrive\unipoli\Union ganaderaa\Nueva carpeta\siggan-proyecto\iris-training\iris_recortados\Vaca21\20260316_104654_hough.png,21,ojo1,hough
C:\Users\usuario\OneDrive\unipoli\Union ganaderaa\Nueva carpeta\siggan-proyecto\iris-training\iris_recortados\Vaca21\20260316_104704_hough.png,21,ojo1,hough
C:\Users\usuario\OneDrive\unipoli\Union ganaderaa\Nueva carpeta\siggan-proyecto\iris-training\iris_recortados\Vaca21\20260316_104705_hough.png,21,ojo1,hough
C:\Users\usuario\OneDrive\unipoli\Union ganaderaa\Nueva carpeta\siggan-proyecto\iris-training\iris_recortados\Vaca21\20260316_104706(0)_hough.png,21,ojo1,hough
C:\Users\usuario\OneDrive\unipoli\Union ganaderaa\Nueva carpeta\siggan-proyecto\iris-training\iris_recortados\Vaca21\20260316_104706_hough.png,21,ojo1,hough
C:\Users\usuario\OneDrive\unipoli\Union ganaderaa\Nueva carpeta\siggan-proyecto\iris-training\iris_recortados\Vaca21\20260316_104627_hough.png,21,ojo2,hough
C:\Users\usuario\OneDrive\unipoli\Union ganaderaa\Nueva carpeta\siggan-proyecto\iris-training\iris_recortados\Vaca21\20260316_104629_hough.png,21,ojo2,hough
C:\Users\usuario\OneDrive\unipoli\Union ganaderaa\Nueva carpeta\siggan-proyecto\iris-training\iris_recortados\Vaca21\20260316_104630_hough.png,21,ojo2,hough
C:\Users\usuario\OneDrive\unipoli\Union ganaderaa\Nueva carpeta\siggan-proyecto\iris-training\iris_recortados\Vaca21\20260316_104632_hough.png,21,ojo2,hough
C:\Users\usuario\OneDrive\unipoli\Union ganaderaa\Nueva carpeta\siggan-proyecto\iris-training\iris_recortados\Vaca21\20260316_104633_hough.png,21,ojo2,hough
C:\Users\usuario\OneDrive\unipoli\Union ganaderaa\Nueva carpeta\siggan-proyecto\iris-training\iris_recortados\Vaca21\20260316_104634(0)_hough.png,21,ojo2,hough
C:\Users\usuario\OneDrive\unipoli\Union ganaderaa\Nueva carpeta\siggan-proyecto\iris-training\iris_recortados\Vaca21\20260316_104634_hough.png,21,ojo2,hough
C:\Users\usuario\OneDrive\unipoli\Union ganaderaa\Nueva carpeta\siggan-proyecto\iris-training\iris_recortados\Vaca21\20260316_104635_hough.png,21,ojo2,hough
C:\Users\usuario\OneDrive\unipoli\Union ganaderaa\Nueva carpeta\siggan-proyecto\iris-training\iris_recortados\Vaca21\20260316_104636(0)_hough.png,21,ojo2,hough
C:\Users\usuario\OneDrive\unipoli\Union ganaderaa\Nueva carpeta\siggan-proyecto\iris-training\iris_recortados\Vaca21\20260316_104636(1)_hough.png,21,ojo2,hough
C:\Users\usuario\OneDrive\unipoli\Union ganaderaa\Nueva carpeta\siggan-proyecto\iris-training\iris_recortados\Vaca21\20260316_104636_hough.png,21,ojo2,hough
C:\Users\usuario\OneDrive\unipoli\Union ganaderaa\Nueva carpeta\siggan-proyecto\iris-training\iris_recortados\Vaca22\20260316_102952_hough.png,22,ojo1,hough
C:\Users\usuario\OneDrive\unipoli\Union ganaderaa\Nueva carpeta\siggan-proyecto\iris-training\iris_recortados\Vaca22\20260316_102953(0)_hough.png,22,ojo1,hough
C:\Users\usuario\OneDrive\unipoli\Union ganaderaa\Nueva carpeta\siggan-proyecto\iris-training\iris_recortados\Vaca22\20260316_102953_hough.png,22,ojo1,hough
C:\Users\usuario\OneDrive\unipoli\Union ganaderaa\Nueva carpeta\siggan-proyecto\iris-training\iris_recortados\Vaca22\20260316_102954(0)_hough.png,22,ojo1,hough
C:\Users\usuario\OneDrive\unipoli\Union ganaderaa\Nueva carpeta\siggan-proyecto\iris-training\iris_recortados\Vaca22\20260316_102954_hough.png,22,ojo1,hough
C:\Users\usuario\OneDrive\unipoli\Union ganaderaa\Nueva carpeta\siggan-proyecto\iris-training\iris_recortados\Vaca23\20260316_102515_hough.png,23,ojo1,hough
C:\Users\usuario\OneDrive\unipoli\Union ganaderaa\Nueva carpeta\siggan-proyecto\iris-training\iris_recortados\Vaca23\20260316_102516_hough.png,23,ojo1,hough
C:\Users\usuario\OneDrive\unipoli\Union ganaderaa\Nueva carpeta\siggan-proyecto\iris-training\iris_recortados\Vaca23\20260316_102537(0)_hough.png,23,ojo1,hough
C:\Users\usuario\OneDrive\unipoli\Union ganaderaa\Nueva carpeta\siggan-proyecto\iris-training\iris_recortados\Vaca23\20260316_102537_hough.png,23,ojo1,hough
C:\Users\usuario\OneDrive\unipoli\Union ganaderaa\Nueva carpeta\siggan-proyecto\iris-training\iris_recortados\Vaca23\20260316_102502_hough.png,23,ojo2,hough
C:\Users\usuario\OneDrive\unipoli\Union ganaderaa\Nueva carpeta\siggan-proyecto\iris-training\iris_recortados\Vaca23\20260316_102503_hough.png,23,ojo2,hough
C:\Users\usuario\OneDrive\unipoli\Union ganaderaa\Nueva carpeta\siggan-proyecto\iris-training\iris_recortados\Vaca23\20260316_102505_hough.png,23,ojo2,hough
C:\Users\usuario\OneDrive\unipoli\Union ganaderaa\Nueva carpeta\siggan-proyecto\iris-training\iris_recortados\Vaca23\20260316_102507_hough.png,23,ojo2,hough
C:\Users\usuario\OneDrive\unipoli\Union ganaderaa\Nueva carpeta\siggan-proyecto\iris-training\iris_recortados\Vaca23\20260316_102508_hough.png,23,ojo2,hough
C:\Users\usuario\OneDrive\unipoli\Union ganaderaa\Nueva carpeta\siggan-proyecto\iris-training\iris_recortados\Vaca24\20260316_101633_hough.png,24,ojo1,hough
C:\Users\usuario\OneDrive\unipoli\Union ganaderaa\Nueva carpeta\siggan-proyecto\iris-training\iris_recortados\Vaca24\20260316_101634(0)_hough.png,24,ojo1,hough
C:\Users\usuario\OneDrive\unipoli\Union ganaderaa\Nueva carpeta\siggan-proyecto\iris-training\iris_recortados\Vaca24\20260316_101634_hough.png,24,ojo1,hough
C:\Users\usuario\OneDrive\unipoli\Union ganaderaa\Nueva carpeta\siggan-proyecto\iris-training\iris_recortados\Vaca24\20260316_101635_hough.png,24,ojo1,hough
C:\Users\usuario\OneDrive\unipoli\Union ganaderaa\Nueva carpeta\siggan-proyecto\iris-training\iris_recortados\Vaca24\20260316_101636(0)_hough.png,24,ojo1,hough
C:\Users\usuario\OneDrive\unipoli\Union ganaderaa\Nueva carpeta\siggan-proyecto\iris-training\iris_recortados\Vaca24\20260316_101636_hough.png,24,ojo1,hough
C:\Users\usuario\OneDrive\unipoli\Union ganaderaa\Nueva carpeta\siggan-proyecto\iris-training\iris_recortados\Vaca24\20260316_101622_hough.png,24,ojo2,hough
C:\Users\usuario\OneDrive\unipoli\Union ganaderaa\Nueva carpeta\siggan-proyecto\iris-training\iris_recortados\Vaca24\20260316_101623_hough.png,24,ojo2,hough
C:\Users\usuario\OneDrive\unipoli\Union ganaderaa\Nueva carpeta\siggan-proyecto\iris-training\iris_recortados\Vaca24\20260316_101624_hough.png,24,ojo2,hough
C:\Users\usuario\OneDrive\unipoli\Union ganaderaa\Nueva carpeta\siggan-proyecto\iris-training\iris_recortados\Vaca24\20260316_101625_hough.png,24,ojo2,hough
C:\Users\usuario\OneDrive\unipoli\Union ganaderaa\Nueva carpeta\siggan-proyecto\iris-training\iris_recortados\Vaca24\20260316_101626(0)_hough.png,24,ojo2,hough
C:\Users\usuario\OneDrive\unipoli\Union ganaderaa\Nueva carpeta\siggan-proyecto\iris-training\iris_recortados\Vaca24\20260316_101626_hough.png,24,ojo2,hough
C:\Users\usuario\OneDrive\unipoli\Union ganaderaa\Nueva carpeta\siggan-proyecto\iris-training\iris_recortados\Vaca25\20260316_101446_hough.png,25,ojo1,hough
C:\Users\usuario\OneDrive\unipoli\Union ganaderaa\Nueva carpeta\siggan-proyecto\iris-training\iris_recortados\Vaca25\20260316_101453_hough.png,25,ojo1,hough
C:\Users\usuario\OneDrive\unipoli\Union ganaderaa\Nueva carpeta\siggan-proyecto\iris-training\iris_recortados\Vaca25\20260316_101455_hough.png,25,ojo1,hough
C:\Users\usuario\OneDrive\unipoli\Union ganaderaa\Nueva carpeta\siggan-proyecto\iris-training\iris_recortados\Vaca25\20260316_101501_hough.png,25,ojo1,hough
C:\Users\usuario\OneDrive\unipoli\Union ganaderaa\Nueva carpeta\siggan-proyecto\iris-training\iris_recortados\Vaca25\20260316_101506_hough.png,25,ojo1,hough
C:\Users\usuario\OneDrive\unipoli\Union ganaderaa\Nueva carpeta\siggan-proyecto\iris-training\iris_recortados\Vaca26\20260316_101011_hough.png,26,ojo1,hough
C:\Users\usuario\OneDrive\unipoli\Union ganaderaa\Nueva carpeta\siggan-proyecto\iris-training\iris_recortados\Vaca26\20260316_101040_hough.png,26,ojo1,hough
C:\Users\usuario\OneDrive\unipoli\Union ganaderaa\Nueva carpeta\siggan-proyecto\iris-training\iris_recortados\Vaca26\20260316_101042_hough.png,26,ojo1,hough
C:\Users\usuario\OneDrive\unipoli\Union ganaderaa\Nueva carpeta\siggan-proyecto\iris-training\iris_recortados\Vaca26\20260316_101048(0)_hough.png,26,ojo1,hough
C:\Users\usuario\OneDrive\unipoli\Union ganaderaa\Nueva carpeta\siggan-proyecto\iris-training\iris_recortados\Vaca26\20260316_101048_hough.png,26,ojo1,hough
C:\Users\usuario\OneDrive\unipoli\Union ganaderaa\Nueva carpeta\siggan-proyecto\iris-training\iris_recortados\Vaca26\20260316_101049_hough.png,26,ojo1,hough
C:\Users\usuario\OneDrive\unipoli\Union ganaderaa\Nueva carpeta\siggan-proyecto\iris-training\iris_recortados\Vaca26\20260316_100938_hough.png,26,ojo2,hough
C:\Users\usuario\OneDrive\unipoli\Union ganaderaa\Nueva carpeta\siggan-proyecto\iris-training\iris_recortados\Vaca26\20260316_100953_hough.png,26,ojo2,hough
C:\Users\usuario\OneDrive\unipoli\Union ganaderaa\Nueva carpeta\siggan-proyecto\iris-training\iris_recortados\Vaca26\20260316_100956_hough.png,26,ojo2,hough
C:\Users\usuario\OneDrive\unipoli\Union ganaderaa\Nueva carpeta\siggan-proyecto\iris-training\iris_recortados\Vaca26\20260316_101006_hough.png,26,ojo2,hough
C:\Users\usuario\OneDrive\unipoli\Union ganaderaa\Nueva carpeta\siggan-proyecto\iris-training\iris_recortados\Vaca26\20260316_101007_hough.png,26,ojo2,hough
C:\Users\usuario\OneDrive\unipoli\Union ganaderaa\Nueva carpeta\siggan-proyecto\iris-training\iris_recortados\Vaca27\20260316_100829(0)_hough.png,27,ojo1,hough
C:\Users\usuario\OneDrive\unipoli\Union ganaderaa\Nueva carpeta\siggan-proyecto\iris-training\iris_recortados\Vaca27\20260316_100829_hough.png,27,ojo1,hough
C:\Users\usuario\OneDrive\unipoli\Union ganaderaa\Nueva carpeta\siggan-proyecto\iris-training\iris_recortados\Vaca27\20260316_100830_hough.png,27,ojo1,hough
C:\Users\usuario\OneDrive\unipoli\Union ganaderaa\Nueva carpeta\siggan-proyecto\iris-training\iris_recortados\Vaca27\20260316_100832(0)_hough.png,27,ojo1,hough
C:\Users\usuario\OneDrive\unipoli\Union ganaderaa\Nueva carpeta\siggan-proyecto\iris-training\iris_recortados\Vaca27\20260316_100832_hough.png,27,ojo1,hough
C:\Users\usuario\OneDrive\unipoli\Union ganaderaa\Nueva carpeta\siggan-proyecto\iris-training\iris_recortados\Vaca27\20260316_100835_hough.png,27,ojo1,hough
C:\Users\usuario\OneDrive\unipoli\Union ganaderaa\Nueva carpeta\siggan-proyecto\iris-training\iris_recortados\Vaca27\20260316_100836_hough.png,27,ojo1,hough
C:\Users\usuario\OneDrive\unipoli\Union ganaderaa\Nueva carpeta\siggan-proyecto\iris-training\iris_recortados\Vaca27\20260316_100819_hough.png,27,ojo2,hough
C:\Users\usuario\OneDrive\unipoli\Union ganaderaa\Nueva carpeta\siggan-proyecto\iris-training\iris_recortados\Vaca27\20260316_100820(0)_hough.png,27,ojo2,hough
C:\Users\usuario\OneDrive\unipoli\Union ganaderaa\Nueva carpeta\siggan-proyecto\iris-training\iris_recortados\Vaca27\20260316_100820_hough.png,27,ojo2,hough
C:\Users\usuario\OneDrive\unipoli\Union ganaderaa\Nueva carpeta\siggan-proyecto\iris-training\iris_recortados\Vaca27\20260316_100821_hough.png,27,ojo2,hough
C:\Users\usuario\OneDrive\unipoli\Union ganaderaa\Nueva carpeta\siggan-proyecto\iris-training\iris_recortados\Vaca27\20260316_100822(0)_hough.png,27,ojo2,hough
C:\Users\usuario\OneDrive\unipoli\Union ganaderaa\Nueva carpeta\siggan-proyecto\iris-training\iris_recortados\Vaca27\20260316_100822_hough.png,27,ojo2,hough
C:\Users\usuario\OneDrive\unipoli\Union ganaderaa\Nueva carpeta\siggan-proyecto\iris-training\iris_recortados\Vaca27\20260316_100829_hough.png,27,ojo2,hough
C:\Users\usuario\OneDrive\unipoli\Union ganaderaa\Nueva carpeta\siggan-proyecto\iris-training\iris_recortados\Vaca28\20260316_100548_hough.png,28,ojo1,hough
C:\Users\usuario\OneDrive\unipoli\Union ganaderaa\Nueva carpeta\siggan-proyecto\iris-training\iris_recortados\Vaca28\20260316_100602_hough.png,28,ojo1,hough
C:\Users\usuario\OneDrive\unipoli\Union ganaderaa\Nueva carpeta\siggan-proyecto\iris-training\iris_recortados\Vaca28\20260316_100603_hough.png,28,ojo1,hough
C:\Users\usuario\OneDrive\unipoli\Union ganaderaa\Nueva carpeta\siggan-proyecto\iris-training\iris_recortados\Vaca28\20260316_100604_hough.png,28,ojo1,hough
C:\Users\usuario\OneDrive\unipoli\Union ganaderaa\Nueva carpeta\siggan-proyecto\iris-training\iris_recortados\Vaca28\20260316_100713_hough.png,28,ojo2,hough
C:\Users\usuario\OneDrive\unipoli\Union ganaderaa\Nueva carpeta\siggan-proyecto\iris-training\iris_recortados\Vaca29\20260316_100422_hough.png,29,ojo1,hough
C:\Users\usuario\OneDrive\unipoli\Union ganaderaa\Nueva carpeta\siggan-proyecto\iris-training\iris_recortados\Vaca29\20260316_100426_hough.png,29,ojo1,hough
C:\Users\usuario\OneDrive\unipoli\Union ganaderaa\Nueva carpeta\siggan-proyecto\iris-training\iris_recortados\Vaca29\20260316_100427_central.png,29,ojo1,central
C:\Users\usuario\OneDrive\unipoli\Union ganaderaa\Nueva carpeta\siggan-proyecto\iris-training\iris_recortados\Vaca29\20260316_100446(0)_hough.png,29,ojo1,hough
C:\Users\usuario\OneDrive\unipoli\Union ganaderaa\Nueva carpeta\siggan-proyecto\iris-training\iris_recortados\Vaca29\20260316_100446_hough.png,29,ojo1,hough
C:\Users\usuario\OneDrive\unipoli\Union ganaderaa\Nueva carpeta\siggan-proyecto\iris-training\iris_recortados\Vaca29\20260316_100447_hough.png,29,ojo1,hough
C:\Users\usuario\OneDrive\unipoli\Union ganaderaa\Nueva carpeta\siggan-proyecto\iris-training\iris_recortados\Vaca29\20260316_100449_hough.png,29,ojo1,hough
C:\Users\usuario\OneDrive\unipoli\Union ganaderaa\Nueva carpeta\siggan-proyecto\iris-training\iris_recortados\Vaca29\20260316_100452_hough.png,29,ojo1,hough
C:\Users\usuario\OneDrive\unipoli\Union ganaderaa\Nueva carpeta\siggan-proyecto\iris-training\iris_recortados\Vaca29\20260316_100713_hough.png,29,ojo1,hough
C:\Users\usuario\OneDrive\unipoli\Union ganaderaa\Nueva carpeta\siggan-proyecto\iris-training\iris_recortados\Vaca29\20260316_100436_hough.png,29,ojo2,hough
C:\Users\usuario\OneDrive\unipoli\Union ganaderaa\Nueva carpeta\siggan-proyecto\iris-training\iris_recortados\Vaca29\20260316_100437_hough.png,29,ojo2,hough
C:\Users\usuario\OneDrive\unipoli\Union ganaderaa\Nueva carpeta\siggan-proyecto\iris-training\iris_recortados\Vaca29\20260316_100439_hough.png,29,ojo2,hough
C:\Users\usuario\OneDrive\unipoli\Union ganaderaa\Nueva carpeta\siggan-proyecto\iris-training\iris_recortados\Vaca29\20260316_100440_hough.png,29,ojo2,hough
C:\Users\usuario\OneDrive\unipoli\Union ganaderaa\Nueva carpeta\siggan-proyecto\iris-training\iris_recortados\Vaca29\20260316_100441_hough.png,29,ojo2,hough
C:\Users\usuario\OneDrive\unipoli\Union ganaderaa\Nueva carpeta\siggan-proyecto\iris-training\iris_recortados\Vaca30\20260316_100220_hough.png,30,ojo1,hough
C:\Users\usuario\OneDrive\unipoli\Union ganaderaa\Nueva carpeta\siggan-proyecto\iris-training\iris_recortados\Vaca30\20260316_100243_hough.png,30,ojo1,hough
C:\Users\usuario\OneDrive\unipoli\Union ganaderaa\Nueva carpeta\siggan-proyecto\iris-training\iris_recortados\Vaca30\20260316_100245_hough.png,30,ojo1,hough
C:\Users\usuario\OneDrive\unipoli\Union ganaderaa\Nueva carpeta\siggan-proyecto\iris-training\iris_recortados\Vaca30\20260316_100249_hough.png,30,ojo1,hough
C:\Users\usuario\OneDrive\unipoli\Union ganaderaa\Nueva carpeta\siggan-proyecto\iris-training\iris_recortados\Vaca30\20260316_100250(0)_hough.png,30,ojo1,hough
C:\Users\usuario\OneDrive\unipoli\Union ganaderaa\Nueva carpeta\siggan-proyecto\iris-training\iris_recortados\Vaca30\20260316_100250_hough.png,30,ojo1,hough
C:\Users\usuario\OneDrive\unipoli\Union ganaderaa\Nueva carpeta\siggan-proyecto\iris-training\iris_recortados\Vaca30\20260316_100252_hough.png,30,ojo1,hough
C:\Users\usuario\OneDrive\unipoli\Union ganaderaa\Nueva carpeta\siggan-proyecto\iris-training\iris_recortados\Vaca30\20260316_100253_hough.png,30,ojo1,hough
C:\Users\usuario\OneDrive\unipoli\Union ganaderaa\Nueva carpeta\siggan-proyecto\iris-training\iris_recortados\Vaca30\20260316_100254_hough.png,30,ojo1,hough
C:\Users\usuario\OneDrive\unipoli\Union ganaderaa\Nueva carpeta\siggan-proyecto\iris-training\iris_recortados\Vaca30\20260316_100255_hough.png,30,ojo1,hough
C:\Users\usuario\OneDrive\unipoli\Union ganaderaa\Nueva carpeta\siggan-proyecto\iris-training\iris_recortados\Vaca30\20260316_100257_hough.png,30,ojo1,hough
C:\Users\usuario\OneDrive\unipoli\Union ganaderaa\Nueva carpeta\siggan-proyecto\iris-training\iris_recortados\Vaca30\20260316_100258_hough.png,30,ojo1,hough
C:\Users\usuario\OneDrive\unipoli\Union ganaderaa\Nueva carpeta\siggan-proyecto\iris-training\iris_recortados\Vaca30\20260316_100048_hough.png,30,ojo2,hough
C:\Users\usuario\OneDrive\unipoli\Union ganaderaa\Nueva carpeta\siggan-proyecto\iris-training\iris_recortados\Vaca30\20260316_100055(0)_hough.png,30,ojo2,hough
C:\Users\usuario\OneDrive\unipoli\Union ganaderaa\Nueva carpeta\siggan-proyecto\iris-training\iris_recortados\Vaca30\20260316_100055_hough.png,30,ojo2,hough
C:\Users\usuario\OneDrive\unipoli\Union ganaderaa\Nueva carpeta\siggan-proyecto\iris-training\iris_recortados\Vaca30\20260316_100056_hough.png,30,ojo2,hough
C:\Users\usuario\OneDrive\unipoli\Union ganaderaa\Nueva carpeta\siggan-proyecto\iris-training\iris_recortados\Vaca30\20260316_100100_hough.png,30,ojo2,hough
C:\Users\usuario\OneDrive\unipoli\Union ganaderaa\Nueva carpeta\siggan-proyecto\iris-training\iris_recortados\Vaca30\20260316_100101_hough.png,30,ojo2,hough
C:\Users\usuario\OneDrive\unipoli\Union ganaderaa\Nueva carpeta\siggan-proyecto\iris-training\iris_recortados\Vaca31\20260316_095727_hough.png,31,ojo1,hough
C:\Users\usuario\OneDrive\unipoli\Union ganaderaa\Nueva carpeta\siggan-proyecto\iris-training\iris_recortados\Vaca31\20260316_095728_hough.png,31,ojo1,hough
C:\Users\usuario\OneDrive\unipoli\Union ganaderaa\Nueva carpeta\siggan-proyecto\iris-training\iris_recortados\Vaca31\20260316_095801_hough.png,31,ojo1,hough
C:\Users\usuario\OneDrive\unipoli\Union ganaderaa\Nueva carpeta\siggan-proyecto\iris-training\iris_recortados\Vaca31\20260316_095802_hough.png,31,ojo1,hough
C:\Users\usuario\OneDrive\unipoli\Union ganaderaa\Nueva carpeta\siggan-proyecto\iris-training\iris_recortados\Vaca31\20260316_095803(0)_hough.png,31,ojo1,hough
C:\Users\usuario\OneDrive\unipoli\Union ganaderaa\Nueva carpeta\siggan-proyecto\iris-training\iris_recortados\Vaca31\20260316_095803_hough.png,31,ojo1,hough
C:\Users\usuario\OneDrive\unipoli\Union ganaderaa\Nueva carpeta\siggan-proyecto\iris-training\iris_recortados\Vaca31\20260316_095804(0)_hough.png,31,ojo1,hough
C:\Users\usuario\OneDrive\unipoli\Union ganaderaa\Nueva carpeta\siggan-proyecto\iris-training\iris_recortados\Vaca31\20260316_095804_hough.png,31,ojo1,hough
C:\Users\usuario\OneDrive\unipoli\Union ganaderaa\Nueva carpeta\siggan-proyecto\iris-training\iris_recortados\Vaca31\20260316_095805_hough.png,31,ojo1,hough
C:\Users\usuario\OneDrive\unipoli\Union ganaderaa\Nueva carpeta\siggan-proyecto\iris-training\iris_recortados\Vaca31\20260316_095807_hough.png,31,ojo1,hough
C:\Users\usuario\OneDrive\unipoli\Union ganaderaa\Nueva carpeta\siggan-proyecto\iris-training\iris_recortados\Vaca31\20260316_095808_hough.png,31,ojo1,hough
C:\Users\usuario\OneDrive\unipoli\Union ganaderaa\Nueva carpeta\siggan-proyecto\iris-training\iris_recortados\Vaca31\20260316_095629_hough.png,31,ojo2,hough
C:\Users\usuario\OneDrive\unipoli\Union ganaderaa\Nueva carpeta\siggan-proyecto\iris-training\iris_recortados\Vaca31\20260316_095635_hough.png,31,ojo2,hough
C:\Users\usuario\OneDrive\unipoli\Union ganaderaa\Nueva carpeta\siggan-proyecto\iris-training\iris_recortados\Vaca31\20260316_095637(0)_hough.png,31,ojo2,hough
C:\Users\usuario\OneDrive\unipoli\Union ganaderaa\Nueva carpeta\siggan-proyecto\iris-training\iris_recortados\Vaca31\20260316_095637_hough.png,31,ojo2,hough
C:\Users\usuario\OneDrive\unipoli\Union ganaderaa\Nueva carpeta\siggan-proyecto\iris-training\iris_recortados\Vaca31\20260316_095638_hough.png,31,ojo2,hough
C:\Users\usuario\OneDrive\unipoli\Union ganaderaa\Nueva carpeta\siggan-proyecto\iris-training\iris_recortados\Vaca31\20260316_095639_hough.png,31,ojo2,hough
C:\Users\usuario\OneDrive\unipoli\Union ganaderaa\Nueva carpeta\siggan-proyecto\iris-training\iris_recortados\Vaca32\20260316_095407_hough.png,32,ojo1,hough
C:\Users\usuario\OneDrive\unipoli\Union ganaderaa\Nueva carpeta\siggan-proyecto\iris-training\iris_recortados\Vaca32\20260316_095410_hough.png,32,ojo1,hough
C:\Users\usuario\OneDrive\unipoli\Union ganaderaa\Nueva carpeta\siggan-proyecto\iris-training\iris_recortados\Vaca32\20260316_095412_hough.png,32,ojo1,hough
C:\Users\usuario\OneDrive\unipoli\Union ganaderaa\Nueva carpeta\siggan-proyecto\iris-training\iris_recortados\Vaca32\20260316_095414_hough.png,32,ojo1,hough
C:\Users\usuario\OneDrive\unipoli\Union ganaderaa\Nueva carpeta\siggan-proyecto\iris-training\iris_recortados\Vaca32\20260316_095417_hough.png,32,ojo1,hough
C:\Users\usuario\OneDrive\unipoli\Union ganaderaa\Nueva carpeta\siggan-proyecto\iris-training\iris_recortados\Vaca32\20260316_095428_hough.png,32,ojo2,hough
C:\Users\usuario\OneDrive\unipoli\Union ganaderaa\Nueva carpeta\siggan-proyecto\iris-training\iris_recortados\Vaca32\20260316_095437_hough.png,32,ojo2,hough
C:\Users\usuario\OneDrive\unipoli\Union ganaderaa\Nueva carpeta\siggan-proyecto\iris-training\iris_recortados\Vaca33\20260316_095218_hough.png,33,ojo1,hough
C:\Users\usuario\OneDrive\unipoli\Union ganaderaa\Nueva carpeta\siggan-proyecto\iris-training\iris_recortados\Vaca33\20260316_095219_hough.png,33,ojo1,hough
C:\Users\usuario\OneDrive\unipoli\Union ganaderaa\Nueva carpeta\siggan-proyecto\iris-training\iris_recortados\Vaca33\20260316_095222_hough.png,33,ojo1,hough
C:\Users\usuario\OneDrive\unipoli\Union ganaderaa\Nueva carpeta\siggan-proyecto\iris-training\iris_recortados\Vaca33\20260316_095223_hough.png,33,ojo1,hough
C:\Users\usuario\OneDrive\unipoli\Union ganaderaa\Nueva carpeta\siggan-proyecto\iris-training\iris_recortados\Vaca33\20260316_095230_hough.png,33,ojo1,hough
C:\Users\usuario\OneDrive\unipoli\Union ganaderaa\Nueva carpeta\siggan-proyecto\iris-training\iris_recortados\Vaca33\20260316_095233_hough.png,33,ojo1,hough
C:\Users\usuario\OneDrive\unipoli\Union ganaderaa\Nueva carpeta\siggan-proyecto\iris-training\iris_recortados\Vaca33\20260316_095237_hough.png,33,ojo1,hough
C:\Users\usuario\OneDrive\unipoli\Union ganaderaa\Nueva carpeta\siggan-proyecto\iris-training\iris_recortados\Vaca33\20260316_095146_hough.png,33,ojo2,hough
C:\Users\usuario\OneDrive\unipoli\Union ganaderaa\Nueva carpeta\siggan-proyecto\iris-training\iris_recortados\Vaca33\20260316_095148_hough.png,33,ojo2,hough
C:\Users\usuario\OneDrive\unipoli\Union ganaderaa\Nueva carpeta\siggan-proyecto\iris-training\iris_recortados\Vaca33\20260316_095155_hough.png,33,ojo2,hough
C:\Users\usuario\OneDrive\unipoli\Union ganaderaa\Nueva carpeta\siggan-proyecto\iris-training\iris_recortados\Vaca33\20260316_095157_hough.png,33,ojo2,hough
C:\Users\usuario\OneDrive\unipoli\Union ganaderaa\Nueva carpeta\siggan-proyecto\iris-training\iris_recortados\Vaca33\20260316_095201_hough.png,33,ojo2,hough
C:\Users\usuario\OneDrive\unipoli\Union ganaderaa\Nueva carpeta\siggan-proyecto\iris-training\iris_recortados\Vaca33\20260316_095203_hough.png,33,ojo2,hough
C:\Users\usuario\OneDrive\unipoli\Union ganaderaa\Nueva carpeta\siggan-proyecto\iris-training\iris_recortados\Vaca34\20260316_095051_hough.png,34,ojo1,hough
C:\Users\usuario\OneDrive\unipoli\Union ganaderaa\Nueva carpeta\siggan-proyecto\iris-training\iris_recortados\Vaca34\20260316_095052_hough.png,34,ojo1,hough
C:\Users\usuario\OneDrive\unipoli\Union ganaderaa\Nueva carpeta\siggan-proyecto\iris-training\iris_recortados\Vaca34\20260316_095053_hough.png,34,ojo1,hough
C:\Users\usuario\OneDrive\unipoli\Union ganaderaa\Nueva carpeta\siggan-proyecto\iris-training\iris_recortados\Vaca34\20260316_095054_hough.png,34,ojo1,hough
C:\Users\usuario\OneDrive\unipoli\Union ganaderaa\Nueva carpeta\siggan-proyecto\iris-training\iris_recortados\Vaca34\20260316_095055_hough.png,34,ojo1,hough
C:\Users\usuario\OneDrive\unipoli\Union ganaderaa\Nueva carpeta\siggan-proyecto\iris-training\iris_recortados\Vaca34\20260316_095036_hough.png,34,ojo2,hough
C:\Users\usuario\OneDrive\unipoli\Union ganaderaa\Nueva carpeta\siggan-proyecto\iris-training\iris_recortados\Vaca34\20260316_095037_hough.png,34,ojo2,hough
C:\Users\usuario\OneDrive\unipoli\Union ganaderaa\Nueva carpeta\siggan-proyecto\iris-training\iris_recortados\Vaca34\20260316_095039_hough.png,34,ojo2,hough
C:\Users\usuario\OneDrive\unipoli\Union ganaderaa\Nueva carpeta\siggan-proyecto\iris-training\iris_recortados\Vaca34\20260316_095040_hough.png,34,ojo2,hough
C:\Users\usuario\OneDrive\unipoli\Union ganaderaa\Nueva carpeta\siggan-proyecto\iris-training\iris_recortados\Vaca34\20260316_095041_hough.png,34,ojo2,hough
