ruta,id_vaca,ojo
C:\Users\usuario\OneDrive\unipoli\Union ganaderaa\FOTOS\vaca13\ojo1\20260316_111431(0).jpg,13,ojo1
C:\Users\usuario\OneDrive\unipoli\Union ganaderaa\FOTOS\vaca13\ojo1\20260316_111431.jpg,13,ojo1
C:\Users\usuario\OneDrive\unipoli\Union ganaderaa\FOTOS\vaca13\ojo1\20260316_111432.jpg,13,ojo1
C:\Users\usuario\OneDrive\unipoli\Union ganaderaa\FOTOS\vaca13\ojo1\20260316_111433.jpg,13,ojo1
C:\Users\usuario\OneDrive\unipoli\Union ganaderaa\FOTOS\vaca13\ojo1\20260316_111434(0).jpg,13,ojo1
C:\Users\usuario\OneDrive\unipoli\Union ganaderaa\FOTOS\vaca13\ojo1\20260316_111434.jpg,13,ojo1
C:\Users\usuario\OneDrive\unipoli\Union ganaderaa\FOTOS\vaca13\ojo1\20260316_111435(0).jpg,13,ojo1
C:\Users\usuario\OneDrive\unipoli\Union ganaderaa\FOTOS\vaca13\ojo1\20260316_111435.jpg,13,ojo1
C:\Users\usuario\OneDrive\unipoli\Union ganaderaa\FOTOS\vaca13\ojo2\20260316_111413.jpg,13,ojo2
C:\Users\usuario\OneDrive\unipoli\Union ganaderaa\FOTOS\vaca13\ojo2\20260316_111416.jpg,13,ojo2
C:\Users\usuario\OneDrive\unipoli\Union ganaderaa\FOTOS\vaca13\ojo2\20260316_111417(0).jpg,13,ojo2
C:\Users\usuario\OneDrive\unipoli\Union ganaderaa\FOTOS\vaca13\ojo2\20260316_111417.jpg,13,ojo2
C:\Users\usuario\OneDrive\unipoli\Union ganaderaa\FOTOS\vaca13\ojo2\20260316_111419(0).jpg,13,ojo2
C:\Users\usuario\OneDrive\unipoli\Union ganaderaa\FOTOS\vaca13\ojo2\20260316_111419.jpg,13,ojo2
C:\Users\usuario\OneDrive\unipoli\Union ganaderaa\FOTOS\vaca13\ojo2\20260316_111420(0).jpg,13,ojo2
C:\Users\usuario\OneDrive\unipoli\Union ganaderaa\FOTOS\vaca13\ojo2\20260316_111420.jpg,13,ojo2
C:\Users\usuario\OneDrive\unipoli\Union ganaderaa\FOTOS\vaca14\ojo1\20260316_111305.jpg,14,ojo1
C:\Users\usuario\OneDrive\unipoli\Union ganaderaa\FOTOS\vaca14\ojo1\20260316_111306.jpg,14,ojo1
C:\Users\usuario\OneDrive\unipoli\Union ganaderaa\FOTOS\vaca14\ojo1\20260316_111307(0).jpg,14,ojo1
C:\Users\usuario\OneDrive\unipoli\Union ganaderaa\FOTOS\vaca14\ojo1\20260316_111307.jpg,14,ojo1
C:\Users\usuario\OneDrive\unipoli\Union ganaderaa\FOTOS\vaca14\ojo1\20260316_111308.jpg,14,ojo1
C:\Users\usuario\OneDrive\unipoli\Union ganaderaa\FOTOS\vaca14\ojo1\20260316_111310(0).jpg,14,ojo1
C:\Users\usuario\OneDrive\unipoli\Union ganaderaa\FOTOS\vaca14\ojo1\20260316_111310.jpg,14,ojo1
C:\Users\usuario\OneDrive\unipoli\Union ganaderaa\FOTOS\vaca14\ojo1\20260316_111311(0).jpg,14,ojo1
C:\Users\usuario\OneDrive\unipoli\Union ganaderaa\FOTOS\vaca14\ojo1\20260316_111311.jpg,14,ojo1
C:\Users\usuario\OneDrive\unipoli\Union ganaderaa\FOTOS\vaca14\ojo1\20260316_111313(0).jpg,14,ojo1
C:\Users\usuario\OneDrive\unipoli\Union ganaderaa\FOTOS\vaca14\ojo1\20260316_111313.jpg,14,ojo1
C:\Users\usuario\OneDrive\unipoli\Union ganaderaa\FOTOS\vaca14\ojo2\20260316_111254(0).jpg,14,ojo2
C:\Users\usuario\OneDrive\unipoli\Union ganaderaa\FOTOS\vaca14\ojo2\20260316_111254.jpg,14,ojo2
C:\Users\usuario\OneDrive\unipoli\Union ganaderaa\FOTOS\vaca14\ojo2\20260316_111255(0).jpg,14,ojo2
C:\Users\usuario\OneDrive\unipoli\Union ganaderaa\FOTOS\vaca14\ojo2\20260316_111255.jpg,14,ojo2
C:\Users\usuario\OneDrive\unipoli\Union ganaderaa\FOTOS\vaca14\ojo2\20260316_111256.jpg,14,ojo2
C:\Users\usuario\OneDrive\unipoli\Union ganaderaa\FOTOS\vaca14\ojo2\20260316_111257(0).jpg,14,ojo2
C:\Users\usuario\OneDrive\unipoli\Union ganaderaa\FOTOS\vaca14\ojo2\20260316_111257(1).jpg,14,ojo2
C:\Users\usuario\OneDrive\unipoli\Union ganaderaa\FOTOS\vaca14\ojo2\20260316_111257.jpg,14,ojo2
C:\Users\usuario\OneDrive\unipoli\Union ganaderaa\FOTOS\vaca14\ojo2\20260316_111258(0).jpg,14,ojo2
C:\Users\usuario\OneDrive\unipoli\Union ganaderaa\FOTOS\vaca14\ojo2\20260316_111258.jpg,14,ojo2
C:\Users\usuario\OneDrive\unipoli\Union ganaderaa\FOTOS\vaca14\ojo2\20260316_111259.jpg,14,ojo2
C:\Users\usuario\OneDrive\unipoli\Union ganaderaa\FOTOS\vaca15\ojo1\20260316_111143(0).jpg,15,ojo1
C:\Users\usuario\OneDrive\unipoli\Union ganaderaa\FOTOS\vaca15\ojo1\20260316_111143(1).jpg,15,ojo1
C:\Users\usuario\OneDrive\unipoli\Union ganaderaa\FOTOS\vaca15\ojo1\20260316_111143.jpg,15,ojo1
C:\Users\usuario\OneDrive\unipoli\Union ganaderaa\FOTOS\vaca15\ojo1\20260316_111144.jpg,15,ojo1
C:\Users\usuario\OneDrive\unipoli\Union ganaderaa\FOTOS\vaca15\ojo1\20260316_111145.jpg,15,ojo1
C:\Users\usuario\OneDrive\unipoli\Union ganaderaa\FOTOS\vaca15\ojo1\20260316_111148(0).jpg,15,ojo1
C:\Users\usuario\OneDrive\unipoli\Union ganaderaa\FOTOS\vaca15\ojo1\20260316_111148.jpg,15,ojo1
C:\Users\usuario\OneDrive\unipoli\Union ganaderaa\FOTOS\vaca15\ojo1\20260316_111153.jpg,15,ojo1
C:\Users\usuario\OneDrive\unipoli\Union ganaderaa\FOTOS\vaca15\ojo1\20260316_111155(0).jpg,15,ojo1
C:\Users\usuario\OneDrive\unipoli\Union ganaderaa\FOTOS\vaca15\ojo1\20260316_111155.jpg,15,ojo1
C:\Users\usuario\OneDrive\unipoli\Union ganaderaa\FOTOS\vaca15\ojo1\20260316_111201.jpg,15,ojo1
C:\Users\usuario\OneDrive\unipoli\Union ganaderaa\FOTOS\vaca15\ojo1\20260316_111202.jpg,15,ojo1
C:\Users\usuario\OneDrive\unipoli\Union ganaderaa\FOTOS\vaca15\ojo1\20260316_111203.jpg,15,ojo1
C:\Users\usuario\OneDrive\unipoli\Union ganaderaa\FOTOS\vaca15\ojo1\20260316_111206.jpg,15,ojo1
C:\Users\usuario\OneDrive\unipoli\Union ganaderaa\FOTOS\vaca15\ojo1\20260316_111207.jpg,15,ojo1
C:\Users\usuario\OneDrive\unipoli\Union ganaderaa\FOTOS\vaca15\ojo2\20260316_111109.jpg,15,ojo2
C:\Users\usuario\OneDrive\unipoli\Union ganaderaa\FOTOS\vaca15\ojo2\20260316_111110.jpg,15,ojo2
C:\Users\usuario\OneDrive\unipoli\Union ganaderaa\FOTOS\vaca15\ojo2\20260316_111111.jpg,15,ojo2
C:\Users\usuario\OneDrive\unipoli\Union ganaderaa\FOTOS\vaca15\ojo2\20260316_111113.jpg,15,ojo2
C:\Users\usuario\OneDrive\unipoli\Union ganaderaa\FOTOS\vaca15\ojo2\20260316_111120.jpg,15,ojo2
C:\Users\usuario\OneDrive\unipoli\Union ganaderaa\FOTOS\vaca15\ojo2\20260316_111130.jpg,15,ojo2
C:\Users\usuario\OneDrive\unipoli\Union ganaderaa\FOTOS\vaca15\ojo2\20260316_111132.jpg,15,ojo2
C:\Users\usuario\OneDrive\unipoli\Union ganaderaa\FOTOS\vaca15\ojo2\20260316_111133.jpg,15,ojo2
C:\Users\usuario\OneDrive\unipoli\Union ganaderaa\FOTOS\vaca15\ojo2\20260316_111134.jpg,15,ojo2
C:\Users\usuario\OneDrive\unipoli\Union ganaderaa\FOTOS\vaca15\ojo2\20260316_111138.jpg,15,ojo2
C:\Users\usuario\OneDrive\unipoli\Union ganaderaa\FOTOS\vaca16\ojo1\20260316_110844.jpg,16,ojo1
C:\Users\usuario\OneDrive\unipoli\Union ganaderaa\FOTOS\vaca16\ojo1\20260316_110845(0).jpg,16,ojo1
C:\Users\usuario\OneDrive\unipoli\Union ganaderaa\FOTOS\vaca16\ojo1\20260316_110845.jpg,16,ojo1
C:\Users\usuario\OneDrive\unipoli\Union ganaderaa\FOTOS\vaca16\ojo1\20260316_110847(0).jpg,16,ojo1
C:\Users\usuario\OneDrive\unipoli\Union ganaderaa\FOTOS\vaca16\ojo1\20260316_110847(1).jpg,16,ojo1
C:\Users\usuario\OneDrive\unipoli\Union ganaderaa\FOTOS\vaca16\ojo1\20260316_110847.jpg,16,ojo1
C:\Users\usuario\OneDrive\unipoli\Union ganaderaa\FOTOS\vaca16\ojo1\20260316_110849(0).jpg,16,ojo1
C:\Users\usuario\OneDrive\unipoli\Union ganaderaa\FOTOS\vaca16\ojo1\20260316_110849.jpg,16,ojo1
C:\Users\usuario\OneDrive\unipoli\Union ganaderaa\FOTOS\vaca16\ojo1\20260316_110850(0).jpg,16,ojo1
C:\Users\usuario\OneDrive\unipoli\Union ganaderaa\FOTOS\vaca16\ojo1\20260316_110850.jpg,16,ojo1
C:\Users\usuario\OneDrive\unipoli\Union ganaderaa\FOTOS\vaca16\ojo1\20260316_110851(0).jpg,16,ojo1
C:\Users\usuario\OneDrive\unipoli\Union ganaderaa\FOTOS\vaca16\ojo1\20260316_110851(1).jpg,16,ojo1
C:\Users\usuario\OneDrive\unipoli\Union ganaderaa\FOTOS\vaca16\ojo1\20260316_110851.jpg,16,ojo1
C:\Users\usuario\OneDrive\unipoli\Union ganaderaa\FOTOS\vaca16\ojo2\20260316_110822.jpg,16,ojo2
C:\Users\usuario\OneDrive\unipoli\Union ganaderaa\FOTOS\vaca16\ojo2\20260316_110833(0).jpg,16,ojo2
C:\Users\usuario\OneDrive\unipoli\Union ganaderaa\FOTOS\vaca16\ojo2\20260316_110833.jpg,16,ojo2
C:\Users\usuario\OneDrive\unipoli\Union ganaderaa\FOTOS\vaca16\ojo2\20260316_110834.jpg,16,ojo2
C:\Users\usuario\OneDrive\unipoli\Union ganaderaa\FOTOS\vaca16\ojo2\20260316_110835.jpg,16,ojo2
C:\Users\usuario\OneDrive\unipoli\Union ganaderaa\FOTOS\vaca17\ojo1\20260316_110651(0).jpg,17,ojo1
C:\Users\usuario\OneDrive\unipoli\Union ganaderaa\FOTOS\vaca17\ojo1\20260316_110651.jpg,17,ojo1
C:\Users\usuario\OneDrive\unipoli\Union ganaderaa\FOTOS\vaca17\ojo1\20260316_110652(0).jpg,17,ojo1
C:\Users\usuario\OneDrive\unipoli\Union ganaderaa\FOTOS\vaca17\ojo1\20260316_110652(1).jpg,17,ojo1
C:\Users\usuario\OneDrive\unipoli\Union ganaderaa\FOTOS\vaca17\ojo1\20260316_110652.jpg,17,ojo1
C:\Users\usuario\OneDrive\unipoli\Union ganaderaa\FOTOS\vaca17\ojo1\20260316_110653(0).jpg,17,ojo1
C:\Users\usuario\OneDrive\unipoli\Union ganaderaa\FOTOS\vaca17\ojo1\20260316_110653.jpg,17,ojo1
C:\Users\usuario\OneDrive\unipoli\Union ganaderaa\FOTOS\vaca17\ojo1\20260316_110655(0).jpg,17,ojo1
C:\Users\usuario\OneDrive\unipoli\Union ganaderaa\FOTOS\vaca17\ojo1\20260316_110655.jpg,17,ojo1
C:\Users\usuario\OneDrive\unipoli\Union ganaderaa\FOTOS\vaca17\ojo2\20260316_110625.jpg,17,ojo2
C:\Users\usuario\OneDrive\unipoli\Union ganaderaa\FOTOS\vaca17\ojo2\20260316_110641(0).jpg,17,ojo2
C:\Users\usuario\OneDrive\unipoli\Union ganaderaa\FOTOS\vaca17\ojo2\20260316_110642.jpg,17,ojo2
C:\Users\usuario\OneDrive\unipoli\Union ganaderaa\FOTOS\vaca17\ojo2\20260316_110643(0).jpg,17,ojo2
C:\Users\usuario\OneDrive\unipoli\Union ganaderaa\FOTOS\vaca17\ojo2\20260316_110643(1).jpg,17,ojo2
C:\Users\usuario\OneDrive\unipoli\Union ganaderaa\FOTOS\vaca17\ojo2\20260316_110643.jpg,17,ojo2
C:\Users\usuario\OneDrive\unipoli\Union ganaderaa\FOTOS\vaca17\ojo2\20260316_110644(0).jpg,17,ojo2
C:\Users\usuario\OneDrive\unipoli\Union ganaderaa\FOTOS\vaca17\ojo2\20260316_110644(1).jpg,17,ojo2
C:\Users\usuario\OneDrive\unipoli\Union ganaderaa\FOTOS\vaca17\ojo2\20260316_110644(2).jpg,17,ojo2
C:\Users\usuario\OneDrive\unipoli\Union ganaderaa\FOTOS\vaca17\ojo2\20260316_110644(3).jpg,17,ojo2
C:\Users\usuario\OneDrive\unipoli\Union ganaderaa\FOTOS\vaca17\ojo2\20260316_110644(4).jpg,17,ojo2
C:\Users\usuario\OneDrive\unipoli\Union ganaderaa\FOTOS\vaca17\ojo2\20260316_110644(5).jpg,17,ojo2
C:\Users\usuario\OneDrive\unipoli\Union ganaderaa\FOTOS\vaca17\ojo2\20260316_110644.jpg,17,ojo2
C:\Users\usuario\OneDrive\unipoli\Union ganaderaa\FOTOS\vaca18\ojo1\20260316_110505(0).jpg,18,ojo1
C:\Users\usuario\OneDrive\unipoli\Union ganaderaa\FOTOS\vaca18\ojo1\20260316_110505.jpg,18,ojo1
C:\Users\usuario\OneDrive\unipoli\Union ganaderaa\FOTOS\vaca18\ojo1\20260316_110508.jpg,18,ojo1
C:\Users\usuario\OneDrive\unipoli\Union ganaderaa\FOTOS\vaca18\ojo1\20260316_110509.jpg,18,ojo1
C:\Users\usuario\OneDrive\unipoli\Union ganaderaa\FOTOS\vaca18\ojo1\20260316_110510.jpg,18,ojo1
C:\Users\usuario\OneDrive\unipoli\Union ganaderaa\FOTOS\vaca18\ojo1\20260316_110511.jpg,18,ojo1
C:\Users\usuario\OneDrive\unipoli\Union ganaderaa\FOTOS\vaca18\ojo1\20260316_110517(0).jpg,18,ojo1
C:\Users\usuario\OneDrive\unipoli\Union ganaderaa\FOTOS\vaca18\ojo1\20260316_110517.jpg,18,ojo1
C:\Users\usuario\OneDrive\unipoli\Union ganaderaa\FOTOS\vaca18\ojo1\20260316_110521(0).jpg,18,ojo1
C:\Users\usuario\OneDrive\unipoli\Union ganaderaa\FOTOS\vaca18\ojo1\20260316_110521.jpg,18,ojo1
C:\Users\usuario\OneDrive\unipoli\Union ganaderaa\FOTOS\vaca18\ojo1\20260316_110522.jpg,18,ojo1
C:\Users\usuario\OneDrive\unipoli\Union ganaderaa\FOTOS\vaca18\ojo1\20260316_110523.jpg,18,ojo1
C:\Users\usuario\OneDrive\unipoli\Union ganaderaa\FOTOS\vaca18\ojo1\20260316_110524(0).jpg,18,ojo1
C:\Users\usuario\OneDrive\unipoli\Union ganaderaa\FOTOS\vaca18\ojo1\20260316_110524.jpg,18,ojo1
C:\Users\usuario\OneDrive\unipoli\Union ganaderaa\FOTOS\vaca18\ojo1\20260316_110525.jpg,18,ojo1
C:\Users\usuario\OneDrive\unipoli\Union ganaderaa\FOTOS\vaca18\ojo2\20260316_110447.jpg,18,ojo2
C:\Users\usuario\OneDrive\unipoli\Union ganaderaa\FOTOS\vaca18\ojo2\20260316_110450.jpg,18,ojo2
C:\Users\usuario\OneDrive\unipoli\Union ganaderaa\FOTOS\vaca18\ojo2\20260316_110451.jpg,18,ojo2
C:\Users\usuario\OneDrive\unipoli\Union ganaderaa\FOTOS\vaca18\ojo2\20260316_110452(0).jpg,18,ojo2
C:\Users\usuario\OneDrive\unipoli\Union ganaderaa\FOTOS\vaca18\ojo2\20260316_110452.jpg,18,ojo2
C:\Users\usuario\OneDrive\unipoli\Union ganaderaa\FOTOS\vaca18\ojo2\20260316_110455(0).jpg,18,ojo2
C:\Users\usuario\OneDrive\unipoli\Union ganaderaa\FOTOS\vaca18\ojo2\20260316_110455.jpg,18,ojo2
C:\Users\usuario\OneDrive\unipoli\Union ganaderaa\FOTOS\vaca18\ojo2\20260316_110456.jpg,18,ojo2
C:\Users\usuario\OneDrive\unipoli\Union ganaderaa\FOTOS\vaca19\ojo1\20260316_110304(0).jpg,19,ojo1
C:\Users\usuario\OneDrive\unipoli\Union ganaderaa\FOTOS\vaca19\ojo1\20260316_110304(1).jpg,19,ojo1
C:\Users\usuario\OneDrive\unipoli\Union ganaderaa\FOTOS\vaca19\ojo1\20260316_110305(0).jpg,19,ojo1
C:\Users\usuario\OneDrive\unipoli\Union ganaderaa\FOTOS\vaca19\ojo1\20260316_110305.jpg,19,ojo1
C:\Users\usuario\OneDrive\unipoli\Union ganaderaa\FOTOS\vaca19\ojo1\20260316_110306.jpg,19,ojo1
C:\Users\usuario\OneDrive\unipoli\Union ganaderaa\FOTOS\vaca19\ojo1\20260316_110307(0).jpg,19,ojo1
C:\Users\usuario\OneDrive\unipoli\Union ganaderaa\FOTOS\vaca19\ojo1\20260316_110307(1).jpg,19,ojo1
C:\Users\usuario\OneDrive\unipoli\Union ganaderaa\FOTOS\vaca19\ojo1\20260316_110307.jpg,19,ojo1
C:\Users\usuario\OneDrive\unipoli\Union ganaderaa\FOTOS\vaca19\ojo1\20260316_110308(0).jpg,19,ojo1
C:\Users\usuario\OneDrive\unipoli\Union ganaderaa\FOTOS\vaca19\ojo1\20260316_110308(1).jpg,19,ojo1
C:\Users\usuario\OneDrive\unipoli\Union ganaderaa\FOTOS\vaca19\ojo1\20260316_110308.jpg,19,ojo1
C:\Users\usuario\OneDrive\unipoli\Union ganaderaa\FOTOS\vaca19\ojo2\20260316_110236.jpg,19,ojo2
C:\Users\usuario\OneDrive\unipoli\Union ganaderaa\FOTOS\vaca19\ojo2\20260316_110253(0).jpg,19,ojo2
C:\Users\usuario\OneDrive\unipoli\Union ganaderaa\FOTOS\vaca19\ojo2\20260316_110253.jpg,19,ojo2
C:\Users\usuario\OneDrive\unipoli\Union ganaderaa\FOTOS\vaca19\ojo2\20260316_110254.jpg,19,ojo2
C:\Users\usuario\OneDrive\unipoli\Union ganaderaa\FOTOS\vaca19\ojo2\20260316_110255(0).jpg,19,ojo2
C:\Users\usuario\OneDrive\unipoli\Union ganaderaa\FOTOS\vaca19\ojo2\20260316_110255.jpg,19,ojo2
C:\Users\usuario\OneDrive\unipoli\Union ganaderaa\FOTOS\vaca19\ojo2\20260316_110256(0).jpg,19,ojo2
C:\Users\usuario\OneDrive\unipoli\Union ganaderaa\FOTOS\vaca19\ojo2\20260316_110256(1).jpg,19,ojo2
C:\Users\usuario\OneDrive\unipoli\Union ganaderaa\FOTOS\vaca19\ojo2\20260316_110256.jpg,19,ojo2
C:\Users\usuario\OneDrive\unipoli\Union ganaderaa\FOTOS\vaca19\ojo2\20260316_110257(0).jpg,19,ojo2
C:\Users\usuario\OneDrive\unipoli\Union ganaderaa\FOTOS\vaca19\ojo2\20260316_110257(1).jpg,19,ojo2
C:\Users\usuario\OneDrive\unipoli\Union ganaderaa\FOTOS\vaca19\ojo2\20260316_110257.jpg,19,ojo2
C:\Users\usuario\OneDrive\unipoli\Union ganaderaa\FOTOS\vaca19\ojo2\20260316_110258(0).jpg,19,ojo2
C:\Users\usuario\OneDrive\unipoli\Union ganaderaa\FOTOS\vaca19\ojo2\20260316_110258(1).jpg,19,ojo2
C:\Users\usuario\OneDrive\unipoli\Union ganaderaa\FOTOS\vaca19\ojo2\20260316_110259(0).jpg,19,ojo2
C:\Users\usuario\OneDrive\unipoli\Union ganaderaa\FOTOS\vaca19\ojo2\20260316_110259(1).jpg,19,ojo2
C:\Users\usuario\OneDrive\unipoli\Union ganaderaa\FOTOS\vaca19\ojo2\20260316_110259(2).jpg,19,ojo2
C:\Users\usuario\OneDrive\unipoli\Union ganaderaa\FOTOS\vaca19\ojo2\20260316_110259.jpg,19,ojo2
C:\Users\usuario\OneDrive\unipoli\Union ganaderaa\FOTOS\vaca20\ojo1\20260316_105941(0).jpg,20,ojo1
C:\Users\usuario\OneDrive\unipoli\Union ganaderaa\FOTOS\vaca20\ojo1\20260316_105941.jpg,20,ojo1
C:\Users\usuario\OneDrive\unipoli\Union ganaderaa\FOTOS\vaca20\ojo1\20260316_105942.jpg,20,ojo1
C:\Users\usuario\OneDrive\unipoli\Union ganaderaa\FOTOS\vaca20\ojo1\20260316_105943.jpg,20,ojo1
C:\Users\usuario\OneDrive\unipoli\Union ganaderaa\FOTOS\vaca20\ojo1\20260316_105944.jpg,20,ojo1
C:\Users\usuario\OneDrive\unipoli\Union ganaderaa\FOTOS\vaca20\ojo1\20260316_105945.jpg,20,ojo1
C:\Users\usuario\OneDrive\unipoli\Union ganaderaa\FOTOS\vaca20\ojo1\20260316_105946(0).jpg,20,ojo1
C:\Users\usuario\OneDrive\unipoli\Union ganaderaa\FOTOS\vaca20\ojo1\20260316_105946.jpg,20,ojo1
C:\Users\usuario\OneDrive\unipoli\Union ganaderaa\FOTOS\vaca20\ojo1\20260316_105947.jpg,20,ojo1
C:\Users\usuario\OneDrive\unipoli\Union ganaderaa\FOTOS\vaca20\ojo1\20260316_105955.jpg,20,ojo1
C:\Users\usuario\OneDrive\unipoli\Union ganaderaa\FOTOS\vaca20\ojo1\20260316_105957(0).jpg,20,ojo1
C:\Users\usuario\OneDrive\unipoli\Union ganaderaa\FOTOS\vaca20\ojo1\20260316_105957.jpg,20,ojo1
C:\Users\usuario\OneDrive\unipoli\Union ganaderaa\FOTOS\vaca20\ojo1\20260316_105959.jpg,20,ojo1
C:\Users\usuario\OneDrive\unipoli\Union ganaderaa\FOTOS\vaca20\ojo1\20260316_110009.jpg,20,ojo1
C:\Users\usuario\OneDrive\unipoli\Union ganaderaa\FOTOS\vaca20\ojo1\20260316_110010(0).jpg,20,ojo1
C:\Users\usuario\OneDrive\unipoli\Union ganaderaa\FOTOS\vaca20\ojo1\20260316_110010.jpg,20,ojo1
C:\Users\usuario\OneDrive\unipoli\Union ganaderaa\FOTOS\vaca20\ojo2\20260316_105913.jpg,20,ojo2
C:\Users\usuario\OneDrive\unipoli\Union ganaderaa\FOTOS\vaca20\ojo2\20260316_105917.jpg,20,ojo2
C:\Users\usuario\OneDrive\unipoli\Union ganaderaa\FOTOS\vaca20\ojo2\20260316_105918(0).jpg,20,ojo2
C:\Users\usuario\OneDrive\unipoli\Union ganaderaa\FOTOS\vaca20\ojo2\20260316_105918.jpg,20,ojo2
C:\Users\usuario\OneDrive\unipoli\Union ganaderaa\FOTOS\vaca20\ojo2\20260316_105920.jpg,20,ojo2
C:\Users\usuario\OneDrive\unipoli\Union ganaderaa\FOTOS\vaca20\ojo2\20260316_105921(0).jpg,20,ojo2
C:\Users\usuario\OneDrive\unipoli\Union ganaderaa\FOTOS\vaca20\ojo2\20260316_105921.jpg,20,ojo2
C:\Users\usuario\OneDrive\unipoli\Union ganaderaa\FOTOS\vaca20\ojo2\20260316_105924(0).jpg,20,ojo2
C:\Users\usuario\OneDrive\unipoli\Union ganaderaa\FOTOS\vaca20\ojo2\20260316_105924.jpg,20,ojo2
C:\Users\usuario\OneDrive\unipoli\Union ganaderaa\FOTOS\vaca20\ojo2\20260316_105927.jpg,20,ojo2
C:\Users\usuario\OneDrive\unipoli\Union ganaderaa\FOTOS\vaca20\ojo2\20260316_105930(0).jpg,20,ojo2
C:\Users\usuario\OneDrive\unipoli\Union ganaderaa\FOTOS\vaca20\ojo2\20260316_105930.jpg,20,ojo2
C:\Users\usuario\OneDrive\unipoli\Union ganaderaa\FOTOS\vaca21\ojo1\20260316_104644.jpg,21,ojo1
C:\Users\usuario\OneDrive\unipoli\Union ganaderaa\FOTOS\vaca21\ojo1\20260316_104645(0).jpg,21,ojo1
C:\Users\usuario\OneDrive\unipoli\Union ganaderaa\FOTOS\vaca21\ojo1\20260316_104645.jpg,21,ojo1
C:\Users\usuario\OneDrive\unipoli\Union ganaderaa\FOTOS\vaca21\ojo1\20260316_104646.jpg,21,ojo1
C:\Users\usuario\OneDrive\unipoli\Union ganaderaa\FOTOS\vaca21\ojo1\20260316_104648.jpg,21,ojo1
C:\Users\usuario\OneDrive\unipoli\Union ganaderaa\FOTOS\vaca21\ojo1\20260316_104650(0).jpg,21,ojo1
C:\Users\usuario\OneDrive\unipoli\Union ganaderaa\FOTOS\vaca21\ojo1\20260316_104650.jpg,21,ojo1
C:\Users\usuario\OneDrive\unipoli\Union ganaderaa\FOTOS\vaca21\ojo1\20260316_104651.jpg,21,ojo1
C:\Users\usuario\OneDrive\unipoli\Union ganaderaa\FOTOS\vaca21\ojo1\20260316_104652.jpg,21,ojo1
C:\Users\usuario\OneDrive\unipoli\Union ganaderaa\FOTOS\vaca21\ojo1\20260316_104653.jpg,21,ojo1
C:\Users\usuario\OneDrive\unipoli\Union ganaderaa\FOTOS\vaca21\ojo1\20260316_104654(0).jpg,21,ojo1
C:\Users\usuario\OneDrive\unipoli\Union ganaderaa\FOTOS\vaca21\ojo1\20260316_104654.jpg,21,ojo1
C:\Users\usuario\OneDrive\unipoli\Union ganaderaa\FOTOS\vaca21\ojo1\20260316_104704.jpg,21,ojo1
C:\Users\usuario\OneDrive\unipoli\Union ganaderaa\FOTOS\vaca21\ojo1\20260316_104705.jpg,21,ojo1
C:\Users\usuario\OneDrive\unipoli\Union ganaderaa\FOTOS\vaca21\ojo1\20260316_104706(0).jpg,21,ojo1
C:\Users\usuario\OneDrive\unipoli\Union ganaderaa\FOTOS\vaca21\ojo1\20260316_104706.jpg,21,ojo1
C:\Users\usuario\OneDrive\unipoli\Union ganaderaa\FOTOS\vaca21\ojo2\20260316_104627.jpg,21,ojo2
C:\Users\usuario\OneDrive\unipoli\Union ganaderaa\FOTOS\vaca21\ojo2\20260316_104629.jpg,21,ojo2
C:\Users\usuario\OneDrive\unipoli\Union ganaderaa\FOTOS\vaca21\ojo2\20260316_104630.jpg,21,ojo2
C:\Users\usuario\OneDrive\unipoli\Union ganaderaa\FOTOS\vaca21\ojo2\20260316_104632.jpg,21,ojo2
C:\Users\usuario\OneDrive\unipoli\Union ganaderaa\FOTOS\vaca21\ojo2\20260316_104633.jpg,21,ojo2
C:\Users\usuario\OneDrive\unipoli\Union ganaderaa\FOTOS\vaca21\ojo2\20260316_104634(0).jpg,21,ojo2
C:\Users\usuario\OneDrive\unipoli\Union ganaderaa\FOTOS\vaca21\ojo2\20260316_104634.jpg,21,ojo2
C:\Users\usuario\OneDrive\unipoli\Union ganaderaa\FOTOS\vaca21\ojo2\20260316_104635.jpg,21,ojo2
C:\Users\usuario\OneDrive\unipoli\Union ganaderaa\FOTOS\vaca21\ojo2\20260316_104636(0).jpg,21,ojo2
C:\Users\usuario\OneDrive\unipoli\Union ganaderaa\FOTOS\vaca21\ojo2\20260316_104636(1).jpg,21,ojo2
C:\Users\usuario\OneDrive\unipoli\Union ganaderaa\FOTOS\vaca21\ojo2\20260316_104636.jpg,21,ojo2
C:\Users\usuario\OneDrive\unipoli\Union ganaderaa\FOTOS\vaca22\ojo1\20260316_102952.jpg,22,ojo1
C:\Users\usuario\OneDrive\unipoli\Union ganaderaa\FOTOS\vaca22\ojo1\20260316_102953(0).jpg,22,ojo1
C:\Users\usuario\OneDrive\unipoli\Union ganaderaa\FOTOS\vaca22\ojo1\20260316_102953.jpg,22,ojo1
C:\Users\usuario\OneDrive\unipoli\Union ganaderaa\FOTOS\vaca22\ojo1\20260316_102954(0).jpg,22,ojo1
C:\Users\usuario\OneDrive\unipoli\Union ganaderaa\FOTOS\vaca22\ojo1\20260316_102954.jpg,22,ojo1
C:\Users\usuario\OneDrive\unipoli\Union ganaderaa\FOTOS\vaca23\ojo1\20260316_102515.jpg,23,ojo1
C:\Users\usuario\OneDrive\unipoli\Union ganaderaa\FOTOS\vaca23\ojo1\20260316_102516.jpg,23,ojo1
C:\Users\usuario\OneDrive\unipoli\Union ganaderaa\FOTOS\vaca23\ojo1\20260316_102537(0).jpg,23,ojo1
C:\Users\usuario\OneDrive\unipoli\Union ganaderaa\FOTOS\vaca23\ojo1\20260316_102537.jpg,23,ojo1
C:\Users\usuario\OneDrive\unipoli\Union ganaderaa\FOTOS\vaca23\ojo2\20260316_102502.jpg,23,ojo2
C:\Users\usuario\OneDrive\unipoli\Union ganaderaa\FOTOS\vaca23\ojo2\20260316_102503.jpg,23,ojo2
C:\Users\usuario\OneDrive\unipoli\Union ganaderaa\FOTOS\vaca23\ojo2\20260316_102505.jpg,23,ojo2
C:\Users\usuario\OneDrive\unipoli\Union ganaderaa\FOTOS\vaca23\ojo2\20260316_102507.jpg,23,ojo2
C:\Users\usuario\OneDrive\unipoli\Union ganaderaa\FOTOS\vaca23\ojo2\20260316_102508.jpg,23,ojo2
C:\Users\usuario\OneDrive\unipoli\Union ganaderaa\FOTOS\vaca24\ojo1\20260316_101633.jpg,24,ojo1
C:\Users\usuario\OneDrive\unipoli\Union ganaderaa\FOTOS\vaca24\ojo1\20260316_101634(0).jpg,24,ojo1
C:\Users\usuario\OneDrive\unipoli\Union ganaderaa\FOTOS\vaca24\ojo1\20260316_101634.jpg,24,ojo1
C:\Users\usuario\OneDrive\unipoli\Union ganaderaa\FOTOS\vaca24\ojo1\20260316_101635.jpg,24,ojo1
C:\Users\usuario\OneDrive\unipoli\Union ganaderaa\FOTOS\vaca24\ojo1\20260316_101636(0).jpg,24,ojo1
C:\Users\usuario\OneDrive\unipoli\Union ganaderaa\FOTOS\vaca24\ojo1\20260316_101636.jpg,24,ojo1
C:\Users\usuario\OneDrive\unipoli\Union ganaderaa\FOTOS\vaca24\ojo2\20260316_101622.jpg,24,ojo2
C:\Users\usuario\OneDrive\unipoli\Union ganaderaa\FOTOS\vaca24\ojo2\20260316_101623.jpg,24,ojo2
C:\Users\usuario\OneDrive\unipoli\Union ganaderaa\FOTOS\vaca24\ojo2\20260316_101624.jpg,24,ojo2
C:\Users\usuario\OneDrive\unipoli\Union ganaderaa\FOTOS\vaca24\ojo2\20260316_101625.jpg,24,ojo2
C:\Users\usuario\OneDrive\unipoli\Union ganaderaa\FOTOS\vaca24\ojo2\20260316_101626(0).jpg,24,ojo2
C:\Users\usuario\OneDrive\unipoli\Union ganaderaa\FOTOS\vaca24\ojo2\20260316_101626.jpg,24,ojo2
C:\Users\usuario\OneDrive\unipoli\Union ganaderaa\FOTOS\vaca25\ojo1\20260316_101446.jpg,25,ojo1
C:\Users\usuario\OneDrive\unipoli\Union ganaderaa\FOTOS\vaca25\ojo1\20260316_101453.jpg,25,ojo1
C:\Users\usuario\OneDrive\unipoli\Union ganaderaa\FOTOS\vaca25\ojo1\20260316_101455.jpg,25,ojo1
C:\Users\usuario\OneDrive\unipoli\Union ganaderaa\FOTOS\vaca25\ojo1\20260316_101501.jpg,25,ojo1
C:\Users\usuario\OneDrive\unipoli\Union ganaderaa\FOTOS\vaca25\ojo1\20260316_101506.jpg,25,ojo1
C:\Users\usuario\OneDrive\unipoli\Union ganaderaa\FOTOS\vaca26\ojo1\20260316_101011.jpg,26,ojo1
C:\Users\usuario\OneDrive\unipoli\Union ganaderaa\FOTOS\vaca26\ojo1\20260316_101040.jpg,26,ojo1
C:\Users\usuario\OneDrive\unipoli\Union ganaderaa\FOTOS\vaca26\ojo1\20260316_101042.jpg,26,ojo1
C:\Users\usuario\OneDrive\unipoli\Union ganaderaa\FOTOS\vaca26\ojo1\20260316_101048(0).jpg,26,ojo1
C:\Users\usuario\OneDrive\unipoli\Union ganaderaa\FOTOS\vaca26\ojo1\20260316_101048.jpg,26,ojo1
C:\Users\usuario\OneDrive\unipoli\Union ganaderaa\FOTOS\vaca26\ojo1\20260316_101049.jpg,26,ojo1
C:\Users\usuario\OneDrive\unipoli\Union ganaderaa\FOTOS\vaca26\ojo2\20260316_100938.jpg,26,ojo2
C:\Users\usuario\OneDrive\unipoli\Union ganaderaa\FOTOS\vaca26\ojo2\20260316_100953.jpg,26,ojo2
C:\Users\usuario\OneDrive\unipoli\Union ganaderaa\FOTOS\vaca26\ojo2\20260316_100956.jpg,26,ojo2
C:\Users\usuario\OneDrive\unipoli\Union ganaderaa\FOTOS\vaca26\ojo2\20260316_101006.jpg,26,ojo2
C:\Users\usuario\OneDrive\unipoli\Union ganaderaa\FOTOS\vaca26\ojo2\20260316_101007.jpg,26,ojo2
C:\Users\usuario\OneDrive\unipoli\Union ganaderaa\FOTOS\vaca27\ojo1\20260316_100829(0).jpg,27,ojo1
C:\Users\usuario\OneDrive\unipoli\Union ganaderaa\FOTOS\vaca27\ojo1\20260316_100829.jpg,27,ojo1
C:\Users\usuario\OneDrive\unipoli\Union ganaderaa\FOTOS\vaca27\ojo1\20260316_100830.jpg,27,ojo1
C:\Users\usuario\OneDrive\unipoli\Union ganaderaa\FOTOS\vaca27\ojo1\20260316_100832(0).jpg,27,ojo1
C:\Users\usuario\OneDrive\unipoli\Union ganaderaa\FOTOS\vaca27\ojo1\20260316_100832.jpg,27,ojo1
C:\Users\usuario\OneDrive\unipoli\Union ganaderaa\FOTOS\vaca27\ojo1\20260316_100835.jpg,27,ojo1
C:\Users\usuario\OneDrive\unipoli\Union ganaderaa\FOTOS\vaca27\ojo1\20260316_100836.jpg,27,ojo1
C:\Users\usuario\OneDrive\unipoli\Union ganaderaa\FOTOS\vaca27\ojo2\20260316_100819.jpg,27,ojo2
C:\Users\usuario\OneDrive\unipoli\Union ganaderaa\FOTOS\vaca27\ojo2\20260316_100820(0).jpg,27,ojo2
C:\Users\usuario\OneDrive\unipoli\Union ganaderaa\FOTOS\vaca27\ojo2\20260316_100820.jpg,27,ojo2
C:\Users\usuario\OneDrive\unipoli\Union ganaderaa\FOTOS\vaca27\ojo2\20260316_100821.jpg,27,ojo2
C:\Users\usuario\OneDrive\unipoli\Union ganaderaa\FOTOS\vaca27\ojo2\20260316_100822(0).jpg,27,ojo2
C:\Users\usuario\OneDrive\unipoli\Union ganaderaa\FOTOS\vaca27\ojo2\20260316_100822.jpg,27,ojo2
C:\Users\usuario\OneDrive\unipoli\Union ganaderaa\FOTOS\vaca27\ojo2\20260316_100829.jpg,27,ojo2
C:\Users\usuario\OneDrive\unipoli\Union ganaderaa\FOTOS\vaca28\ojo1\20260316_100548.jpg,28,ojo1
C:\Users\usuario\OneDrive\unipoli\Union ganaderaa\FOTOS\vaca28\ojo1\20260316_100602.jpg,28,ojo1
C:\Users\usuario\OneDrive\unipoli\Union ganaderaa\FOTOS\vaca28\ojo1\20260316_100603.jpg,28,ojo1
C:\Users\usuario\OneDrive\unipoli\Union ganaderaa\FOTOS\vaca28\ojo1\20260316_100604.jpg,28,ojo1
C:\Users\usuario\OneDrive\unipoli\Union ganaderaa\FOTOS\vaca28\ojo2\20260316_100713.jpg,28,ojo2
C:\Users\usuario\OneDrive\unipoli\Union ganaderaa\FOTOS\vaca29\ojo1\20260316_100422.jpg,29,ojo1
C:\Users\usuario\OneDrive\unipoli\Union ganaderaa\FOTOS\vaca29\ojo1\20260316_100426.jpg,29,ojo1
C:\Users\usuario\OneDrive\unipoli\Union ganaderaa\FOTOS\vaca29\ojo1\20260316_100427.jpg,29,ojo1
C:\Users\usuario\OneDrive\unipoli\Union ganaderaa\FOTOS\vaca29\ojo1\20260316_100446(0).jpg,29,ojo1
C:\Users\usuario\OneDrive\unipoli\Union ganaderaa\FOTOS\vaca29\ojo1\20260316_100446.jpg,29,ojo1
C:\Users\usuario\OneDrive\unipoli\Union ganaderaa\FOTOS\vaca29\ojo1\20260316_100447.jpg,29,ojo1
C:\Users\usuario\OneDrive\unipoli\Union ganaderaa\FOTOS\vaca29\ojo1\20260316_100449.jpg,29,ojo1
C:\Users\usuario\OneDrive\unipoli\Union ganaderaa\FOTOS\vaca29\ojo1\20260316_100452.jpg,29,ojo1
C:\Users\usuario\OneDrive\unipoli\Union ganaderaa\FOTOS\vaca29\ojo1\20260316_100713.jpg,29,ojo1
C:\Users\usuario\OneDrive\unipoli\Union ganaderaa\FOTOS\vaca29\ojo2\20260316_100436.jpg,29,ojo2
C:\Users\usuario\OneDrive\unipoli\Union ganaderaa\FOTOS\vaca29\ojo2\20260316_100437.jpg,29,ojo2
C:\Users\usuario\OneDrive\unipoli\Union ganaderaa\FOTOS\vaca29\ojo2\20260316_100439.jpg,29,ojo2
C:\Users\usuario\OneDrive\unipoli\Union ganaderaa\FOTOS\vaca29\ojo2\20260316_100440.jpg,29,ojo2
C:\Users\usuario\OneDrive\unipoli\Union ganaderaa\FOTOS\vaca29\ojo2\20260316_100441.jpg,29,ojo2
C:\Users\usuario\OneDrive\unipoli\Union ganaderaa\FOTOS\vaca30\ojo1\20260316_100220.jpg,30,ojo1
C:\Users\usuario\OneDrive\unipoli\Union ganaderaa\FOTOS\vaca30\ojo1\20260316_100243.jpg,30,ojo1
C:\Users\usuario\OneDrive\unipoli\Union ganaderaa\FOTOS\vaca30\ojo1\20260316_100245.jpg,30,ojo1
C:\Users\usuario\OneDrive\unipoli\Union ganaderaa\FOTOS\vaca30\ojo1\20260316_100249.jpg,30,ojo1
C:\Users\usuario\OneDrive\unipoli\Union ganaderaa\FOTOS\vaca30\ojo1\20260316_100250(0).jpg,30,ojo1
C:\Users\usuario\OneDrive\unipoli\Union ganaderaa\FOTOS\vaca30\ojo1\20260316_100250.jpg,30,ojo1
C:\Users\usuario\OneDrive\unipoli\Union ganaderaa\FOTOS\vaca30\ojo1\20260316_100252.jpg,30,ojo1
C:\Users\usuario\OneDrive\unipoli\Union ganaderaa\FOTOS\vaca30\ojo1\20260316_100253.jpg,30,ojo1
C:\Users\usuario\OneDrive\unipoli\Union ganaderaa\FOTOS\vaca30\ojo1\20260316_100254.jpg,30,ojo1
C:\Users\usuario\OneDrive\unipoli\Union ganaderaa\FOTOS\vaca30\ojo1\20260316_100255.jpg,30,ojo1
C:\Users\usuario\OneDrive\unipoli\Union ganaderaa\FOTOS\vaca30\ojo1\20260316_100257.jpg,30,ojo1
C:\Users\usuario\OneDrive\unipoli\Union ganaderaa\FOTOS\vaca30\ojo1\20260316_100258.jpg,30,ojo1
C:\Users\usuario\OneDrive\unipoli\Union ganaderaa\FOTOS\vaca30\ojo2\20260316_100048.jpg,30,ojo2
C:\Users\usuario\OneDrive\unipoli\Union ganaderaa\FOTOS\vaca30\ojo2\20260316_100055(0).jpg,30,ojo2
C:\Users\usuario\OneDrive\unipoli\Union ganaderaa\FOTOS\vaca30\ojo2\20260316_100055.jpg,30,ojo2
C:\Users\usuario\OneDrive\unipoli\Union ganaderaa\FOTOS\vaca30\ojo2\20260316_100056.jpg,30,ojo2
C:\Users\usuario\OneDrive\unipoli\Union ganaderaa\FOTOS\vaca30\ojo2\20260316_100100.jpg,30,ojo2
C:\Users\usuario\OneDrive\unipoli\Union ganaderaa\FOTOS\vaca30\ojo2\20260316_100101.jpg,30,ojo2
C:\Users\usuario\OneDrive\unipoli\Union ganaderaa\FOTOS\vaca31\ojo1\20260316_095727.jpg,31,ojo1
C:\Users\usuario\OneDrive\unipoli\Union ganaderaa\FOTOS\vaca31\ojo1\20260316_095728.jpg,31,ojo1
C:\Users\usuario\OneDrive\unipoli\Union ganaderaa\FOTOS\vaca31\ojo1\20260316_095801.jpg,31,ojo1
C:\Users\usuario\OneDrive\unipoli\Union ganaderaa\FOTOS\vaca31\ojo1\20260316_095802.jpg,31,ojo1
C:\Users\usuario\OneDrive\unipoli\Union ganaderaa\FOTOS\vaca31\ojo1\20260316_095803(0).jpg,31,ojo1
C:\Users\usuario\OneDrive\unipoli\Union ganaderaa\FOTOS\vaca31\ojo1\20260316_095803.jpg,31,ojo1
C:\Users\usuario\OneDrive\unipoli\Union ganaderaa\FOTOS\vaca31\ojo1\20260316_095804(0).jpg,31,ojo1
C:\Users\usuario\OneDrive\unipoli\Union ganaderaa\FOTOS\vaca31\ojo1\20260316_095804.jpg,31,ojo1
C:\Users\usuario\OneDrive\unipoli\Union ganaderaa\FOTOS\vaca31\ojo1\20260316_095805.jpg,31,ojo1
C:\Users\usuario\OneDrive\unipoli\Union ganaderaa\FOTOS\vaca31\ojo1\20260316_095807.jpg,31,ojo1
C:\Users\usuario\OneDrive\unipoli\Union ganaderaa\FOTOS\vaca31\ojo1\20260316_095808.jpg,31,ojo1
C:\Users\usuario\OneDrive\unipoli\Union ganaderaa\FOTOS\vaca31\ojo2\20260316_095629.jpg,31,ojo2
C:\Users\usuario\OneDrive\unipoli\Union ganaderaa\FOTOS\vaca31\ojo2\20260316_095635.jpg,31,ojo2
C:\Users\usuario\OneDrive\unipoli\Union ganaderaa\FOTOS\vaca31\ojo2\20260316_095637(0).jpg,31,ojo2
C:\Users\usuario\OneDrive\unipoli\Union ganaderaa\FOTOS\vaca31\ojo2\20260316_095637.jpg,31,ojo2
C:\Users\usuario\OneDrive\unipoli\Union ganaderaa\FOTOS\vaca31\ojo2\20260316_095638.jpg,31,ojo2
C:\Users\usuario\OneDrive\unipoli\Union ganaderaa\FOTOS\vaca31\ojo2\20260316_095639.jpg,31,ojo2
C:\Users\usuario\OneDrive\unipoli\Union ganaderaa\FOTOS\vaca32\ojo1\20260316_095407.jpg,32,ojo1
C:\Users\usuario\OneDrive\unipoli\Union ganaderaa\FOTOS\vaca32\ojo1\20260316_095410.jpg,32,ojo1
C:\Users\usuario\OneDrive\unipoli\Union ganaderaa\FOTOS\vaca32\ojo1\20260316_095412.jpg,32,ojo1
C:\Users\usuario\OneDrive\unipoli\Union ganaderaa\FOTOS\vaca32\ojo1\20260316_095414.jpg,32,ojo1
C:\Users\usuario\OneDrive\unipoli\Union ganaderaa\FOTOS\vaca32\ojo1\20260316_095417.jpg,32,ojo1
C:\Users\usuario\OneDrive\unipoli\Union ganaderaa\FOTOS\vaca32\ojo2\20260316_095428.jpg,32,ojo2
C:\Users\usuario\OneDrive\unipoli\Union ganaderaa\FOTOS\vaca32\ojo2\20260316_095437.jpg,32,ojo2
C:\Users\usuario\OneDrive\unipoli\Union ganaderaa\FOTOS\vaca33\ojo1\20260316_095218.jpg,33,ojo1
C:\Users\usuario\OneDrive\unipoli\Union ganaderaa\FOTOS\vaca33\ojo1\20260316_095219.jpg,33,ojo1
C:\Users\usuario\OneDrive\unipoli\Union ganaderaa\FOTOS\vaca33\ojo1\20260316_095222.jpg,33,ojo1
C:\Users\usuario\OneDrive\unipoli\Union ganaderaa\FOTOS\vaca33\ojo1\20260316_095223.jpg,33,ojo1
C:\Users\usuario\OneDrive\unipoli\Union ganaderaa\FOTOS\vaca33\ojo1\20260316_095230.jpg,33,ojo1
C:\Users\usuario\OneDrive\unipoli\Union ganaderaa\FOTOS\vaca33\ojo1\20260316_095233.jpg,33,ojo1
C:\Users\usuario\OneDrive\unipoli\Union ganaderaa\FOTOS\vaca33\ojo1\20260316_095237.jpg,33,ojo1
C:\Users\usuario\OneDrive\unipoli\Union ganaderaa\FOTOS\vaca33\ojo2\20260316_095146.jpg,33,ojo2
C:\Users\usuario\OneDrive\unipoli\Union ganaderaa\FOTOS\vaca33\ojo2\20260316_095148.jpg,33,ojo2
C:\Users\usuario\OneDrive\unipoli\Union ganaderaa\FOTOS\vaca33\ojo2\20260316_095155.jpg,33,ojo2
C:\Users\usuario\OneDrive\unipoli\Union ganaderaa\FOTOS\vaca33\ojo2\20260316_095157.jpg,33,ojo2
C:\Users\usuario\OneDrive\unipoli\Union ganaderaa\FOTOS\vaca33\ojo2\20260316_095201.jpg,33,ojo2
C:\Users\usuario\OneDrive\unipoli\Union ganaderaa\FOTOS\vaca33\ojo2\20260316_095203.jpg,33,ojo2
C:\Users\usuario\OneDrive\unipoli\Union ganaderaa\FOTOS\vaca34\ojo1\20260316_095051.jpg,34,ojo1
C:\Users\usuario\OneDrive\unipoli\Union ganaderaa\FOTOS\vaca34\ojo1\20260316_095052.jpg,34,ojo1
C:\Users\usuario\OneDrive\unipoli\Union ganaderaa\FOTOS\vaca34\ojo1\20260316_095053.jpg,34,ojo1
C:\Users\usuario\OneDrive\unipoli\Union ganaderaa\FOTOS\vaca34\ojo1\20260316_095054.jpg,34,ojo1
C:\Users\usuario\OneDrive\unipoli\Union ganaderaa\FOTOS\vaca34\ojo1\20260316_095055.jpg,34,ojo1
C:\Users\usuario\OneDrive\unipoli\Union ganaderaa\FOTOS\vaca34\ojo2\20260316_095036.jpg,34,ojo2
C:\Users\usuario\OneDrive\unipoli\Union ganaderaa\FOTOS\vaca34\ojo2\20260316_095037.jpg,34,ojo2
C:\Users\usuario\OneDrive\unipoli\Union ganaderaa\FOTOS\vaca34\ojo2\20260316_095039.jpg,34,ojo2
C:\Users\usuario\OneDrive\unipoli\Union ganaderaa\FOTOS\vaca34\ojo2\20260316_095040.jpg,34,ojo2
C:\Users\usuario\OneDrive\unipoli\Union ganaderaa\FOTOS\vaca34\ojo2\20260316_095041.jpg,34,ojo2
